pair_id,filepath_a,filepath_b,class_a,class_b,split_a,split_b,similarity_category,review_priority,human_decision,review_notes
pair_fda9158bbfa0a0780d61,dataset/test/Citrus canker/2025_12_21_IMG (342).JPG,dataset/train/Citrus canker/2025_12_21_IMG (341).JPG,Citrus canker,Citrus canker,test,train,C,388.04833,,
pair_3e0bf1dedea60d5059ca,dataset/test/Citrus pest/2025_12_20_IMG (210).JPG,dataset/train/Citrus pest/2025_12_20_IMG (211).JPG,Citrus pest,Citrus pest,test,train,C,387.971546,,
pair_25a2694ff244012ff7bf,dataset/test/Black spot/2025_12_20_IMG (53).JPG,dataset/train/Black spot/2025_12_20_IMG (54).JPG,Black spot,Black spot,test,train,C,387.475988,SAME_SOURCE,"Same leaf shape, lesions and background; consecutive capture."
pair_1c2dae0fa7db18f1ac06,dataset/test/Citrus canker/2025_12_21_IMG (374).JPG,dataset/train/Citrus canker/2025_12_21_IMG (375).JPG,Citrus canker,Citrus canker,test,train,C,387.462489,,
pair_acb0077049d73b29b590,dataset/test/Citrus canker/2025_12_21_IMG (431).JPG,dataset/train/Citrus canker/2025_12_21_IMG (430).JPG,Citrus canker,Citrus canker,test,train,C,387.370768,,
pair_5beed25e60799f5b4f06,dataset/test/Healthy leaf/2025_11_21_IMG (254).JPG,dataset/train/Healthy leaf/2025_11_21_IMG (255).JPG,Healthy leaf,Healthy leaf,test,train,C,387.151931,,
pair_193158187c98565cbd7f,dataset/test/Algal leaf spot/2025_12_21_IMG (170).JPG,dataset/train/Algal leaf spot/2025_12_21_IMG (171).JPG,Algal leaf spot,Algal leaf spot,test,train,C,387.131921,,
pair_228c12bcc190d330752b,dataset/test/Black spot/2025_12_20_IMG (254).JPG,dataset/train/Black spot/2025_12_20_IMG (255).JPG,Black spot,Black spot,test,train,C,387.110974,,
pair_dc48a30a3be0a4e62c2e,dataset/test/Algal leaf spot/2025_12_21_IMG (20).JPG,dataset/train/Algal leaf spot/2025_12_21_IMG (19).JPG,Algal leaf spot,Algal leaf spot,test,train,C,387.105229,,
pair_4b3d6333c05cae4bcfcc,dataset/test/Citrus pest/2025_12_20_IMG (404).JPG,dataset/train/Citrus pest/2025_12_20_IMG (403).JPG,Citrus pest,Citrus pest,test,train,C,387.095464,,
pair_c8c00926705e98b6daa6,dataset/test/Healthy leaf/2025_11_21_IMG (80).JPG,dataset/train/Healthy leaf/2025_11_21_IMG (81).JPG,Healthy leaf,Healthy leaf,test,train,C,387.082423,,
pair_e8fdf157fb9566891d29,dataset/test/Black spot/2025_12_20_IMG (225).JPG,dataset/train/Black spot/2025_12_20_IMG (226).JPG,Black spot,Black spot,test,train,C,387.07213,,
pair_7a247e12e66b77d5bd99,dataset/test/Algal leaf spot/2025_12_21_IMG (163).JPG,dataset/train/Algal leaf spot/2025_12_21_IMG (162).JPG,Algal leaf spot,Algal leaf spot,test,train,C,386.688994,,
pair_225ec2fde8ca6b67a8b9,dataset/test/Algal leaf spot/2025_12_21_IMG (274).JPG,dataset/train/Algal leaf spot/2025_12_21_IMG (275).JPG,Algal leaf spot,Algal leaf spot,test,train,C,386.684781,,
pair_9f9c8ac672587fb9dbb2,dataset/test/Healthy leaf/2025_11_21_IMG (172).JPG,dataset/train/Healthy leaf/2025_11_21_IMG (171).JPG,Healthy leaf,Healthy leaf,test,train,C,386.669059,,
pair_54975de0e2e7b9301bd0,dataset/test/Algal leaf spot/2025_12_21_IMG (141).JPG,dataset/train/Algal leaf spot/2025_12_21_IMG (142).JPG,Algal leaf spot,Algal leaf spot,test,train,C,386.624607,,
pair_fbd0e2435beeffd8f093,dataset/test/Citrus pest/2025_12_20_IMG (283).JPG,dataset/train/Citrus pest/2025_12_20_IMG (284).JPG,Citrus pest,Citrus pest,test,train,C,386.59689,,
pair_ce4255dd32def7d5b5e0,dataset/test/Citrus pest/2025_12_20_IMG (215).JPG,dataset/train/Citrus pest/2025_12_20_IMG (214).JPG,Citrus pest,Citrus pest,test,train,C,386.573536,,
pair_6107c9a2f1cf36575013,dataset/test/Citrus pest/2025_12_20_IMG (315).JPG,dataset/train/Citrus pest/2025_12_20_IMG (316).JPG,Citrus pest,Citrus pest,test,train,C,386.424583,,
pair_da69e46b7accf3159f6b,dataset/test/Citrus pest/2025_12_20_IMG (380).JPG,dataset/train/Citrus pest/2025_12_20_IMG (379).JPG,Citrus pest,Citrus pest,test,train,C,386.406632,,
pair_2bbaf6f8c05620e9628a,dataset/test/Greening/2025_12_21_IMG (5).JPG,dataset/train/Greening/2025_12_21_IMG (6).JPG,Greening,Greening,test,train,C,386.392004,,
pair_e6510e2dbdda70c62009,dataset/test/Black spot/2025_12_20_IMG (139).JPG,dataset/train/Black spot/2025_12_20_IMG (140).JPG,Black spot,Black spot,test,train,C,386.37542,,
pair_a0ad399b2eb0f18324e3,dataset/test/Healthy leaf/2025_11_21_IMG (79).JPG,dataset/train/Healthy leaf/2025_11_21_IMG (78).JPG,Healthy leaf,Healthy leaf,test,train,C,386.370537,,
pair_947b9b62a92c9818779a,dataset/test/Citrus canker/2025_12_21_IMG (564).JPG,dataset/train/Citrus canker/2025_12_21_IMG (563).JPG,Citrus canker,Citrus canker,test,train,C,386.333102,,
pair_4f8a6447cee48f90fca1,dataset/test/Algal leaf spot/2025_12_21_IMG (79).JPG,dataset/train/Algal leaf spot/2025_12_21_IMG (80).JPG,Algal leaf spot,Algal leaf spot,test,train,C,386.169815,,
pair_4d69746519bf01c26e04,dataset/test/Citrus canker/2025_12_21_IMG (344).JPG,dataset/train/Citrus canker/2025_12_21_IMG (343).JPG,Citrus canker,Citrus canker,test,train,C,386.042479,,
pair_9f6a9ac57443113c28be,dataset/test/Healthy leaf/2025_11_21_IMG (11).JPG,dataset/train/Healthy leaf/2025_11_21_IMG (10).JPG,Healthy leaf,Healthy leaf,test,train,C,386.034341,,
pair_f4e211845dd730397dc8,dataset/test/Citrus canker/2025_12_21_IMG (416).JPG,dataset/train/Citrus canker/2025_12_21_IMG (417).JPG,Citrus canker,Citrus canker,test,train,C,386.01271,,
pair_199fa6fbf066b2ccf48c,dataset/test/Black spot/2025_12_20_IMG (20).JPG,dataset/train/Black spot/2025_12_20_IMG (22).JPG,Black spot,Black spot,test,train,C,385.87361,,
pair_14ad5297d4c267e33ef9,dataset/test/Citrus canker/2025_12_21_IMG (548).JPG,dataset/train/Citrus canker/2025_12_21_IMG (547).JPG,Citrus canker,Citrus canker,test,train,C,385.860714,,
pair_3cfc787c451de61ba43b,dataset/test/Algal leaf spot/2025_12_21_IMG (305).JPG,dataset/train/Algal leaf spot/2025_12_21_IMG (304).JPG,Algal leaf spot,Algal leaf spot,test,train,C,385.845512,,
pair_978619d6e4733f355d9b,dataset/test/Algal leaf spot/2025_12_21_IMG (156).JPG,dataset/train/Algal leaf spot/2025_12_21_IMG (157).JPG,Algal leaf spot,Algal leaf spot,test,train,C,385.837114,,
pair_cd365e3289b697d0012b,dataset/test/Greening/2025_12_21_IMG (258).JPG,dataset/train/Greening/2025_12_21_IMG (259).JPG,Greening,Greening,test,train,C,385.795877,,
pair_93aaed4e2f818745c502,dataset/test/Citrus canker/2025_12_21_IMG (562).JPG,dataset/train/Citrus canker/2025_12_21_IMG (561).JPG,Citrus canker,Citrus canker,test,train,C,385.705517,,
pair_124faabc28f60d9c9df9,dataset/test/Citrus canker/2025_12_21_IMG (378).JPG,dataset/train/Citrus canker/2025_12_21_IMG (379).JPG,Citrus canker,Citrus canker,test,train,C,385.693071,,
pair_1b1e69ab3f82095a4919,dataset/test/Citrus pest/2025_12_20_IMG (234).JPG,dataset/train/Citrus pest/2025_12_20_IMG (233).JPG,Citrus pest,Citrus pest,test,train,C,385.627296,,
pair_4729322ffd5a13d9199b,dataset/test/Algal leaf spot/2025_12_21_IMG (234).JPG,dataset/train/Algal leaf spot/2025_12_21_IMG (235).JPG,Algal leaf spot,Algal leaf spot,test,train,C,385.623111,,
pair_b17c1b39ae923d2041bf,dataset/test/Citrus pest/2025_12_20_IMG (207).JPG,dataset/train/Citrus pest/2025_12_20_IMG (206).JPG,Citrus pest,Citrus pest,test,train,C,385.584979,,
pair_f753c3b3691a7451b88a,dataset/test/Healthy leaf/2025_11_21_IMG (292).JPG,dataset/train/Healthy leaf/2025_11_21_IMG (290).JPG,Healthy leaf,Healthy leaf,test,train,B,385.574419,,
pair_df2ea1e2583c549f0c94,dataset/test/Greening/2025_12_21_IMG (256).JPG,dataset/train/Greening/2025_12_21_IMG (255).JPG,Greening,Greening,test,train,C,385.463339,,
pair_575e0c335bb0aa8cf55c,dataset/test/Citrus pest/2025_12_20_IMG (282).JPG,dataset/train/Citrus pest/2025_12_20_IMG (284).JPG,Citrus pest,Citrus pest,test,train,C,385.409668,,
pair_a2b979b1c729b8b3bd2c,dataset/test/Algal leaf spot/2025_12_21_IMG (156).JPG,dataset/train/Algal leaf spot/2025_12_21_IMG (158).JPG,Algal leaf spot,Algal leaf spot,test,train,C,385.404929,,
pair_33ac63afb937b96d3b60,dataset/test/Greening/2025_12_21_IMG (258).JPG,dataset/train/Greening/2025_12_21_IMG (257).JPG,Greening,Greening,test,train,C,385.384257,,
pair_71ff63e223f777b5f882,dataset/test/Citrus pest/2025_12_20_IMG (303).JPG,dataset/train/Citrus pest/2025_12_20_IMG (302).JPG,Citrus pest,Citrus pest,test,train,C,385.333753,,
pair_5f7f1d831b991dc4bbd0,dataset/test/Algal leaf spot/2025_12_21_IMG (258).JPG,dataset/train/Algal leaf spot/2025_12_21_IMG (259).JPG,Algal leaf spot,Algal leaf spot,test,train,C,385.330785,,
pair_3ab6db5f284dc0aba484,dataset/test/Healthy leaf/2025_11_21_IMG (254).JPG,dataset/train/Healthy leaf/2025_11_21_IMG (252).JPG,Healthy leaf,Healthy leaf,test,train,C,385.253233,,
pair_f8016b82441581b5dc7a,dataset/test/Citrus canker/2025_12_21_IMG (431).JPG,dataset/train/Citrus canker/2025_12_21_IMG (429).JPG,Citrus canker,Citrus canker,test,train,C,385.202511,,
pair_d79a41f8292e5c1dadc9,dataset/test/Healthy leaf/2025_11_21_IMG (2).JPG,dataset/train/Healthy leaf/2025_11_21_IMG (1).JPG,Healthy leaf,Healthy leaf,test,train,C,385.158909,,
pair_2cf42dbb202922004e43,dataset/test/Citrus canker/2025_12_21_IMG (385).JPG,dataset/train/Citrus canker/2025_12_21_IMG (384).JPG,Citrus canker,Citrus canker,test,train,C,385.148877,,
pair_455210161adb32054372,dataset/test/Algal leaf spot/2025_12_21_IMG (78).JPG,dataset/train/Algal leaf spot/2025_12_21_IMG (80).JPG,Algal leaf spot,Algal leaf spot,test,train,C,385.136976,,
pair_55204cd593d2a50d3dab,dataset/test/Citrus canker/2025_12_21_IMG (342).JPG,dataset/train/Citrus canker/2025_12_21_IMG (343).JPG,Citrus canker,Citrus canker,test,train,C,385.118718,,
pair_668442580264965e0a93,dataset/test/Black spot/2025_12_20_IMG (141).JPG,dataset/train/Black spot/2025_12_20_IMG (140).JPG,Black spot,Black spot,test,train,C,385.086166,,
pair_636ed756b32e537d47f4,dataset/test/Algal leaf spot/2025_12_21_IMG (11).JPG,dataset/train/Algal leaf spot/2025_12_21_IMG (10).JPG,Algal leaf spot,Algal leaf spot,test,train,C,385.053258,,
pair_6b413aa3fca218a910d4,dataset/test/Algal leaf spot/2025_12_21_IMG (20).JPG,dataset/train/Algal leaf spot/2025_12_21_IMG (18).JPG,Algal leaf spot,Algal leaf spot,test,train,C,385.014331,,
pair_64208158d9c16ee74a28,dataset/test/Citrus canker/2025_12_21_IMG (376).JPG,dataset/train/Citrus canker/2025_12_21_IMG (377).JPG,Citrus canker,Citrus canker,test,train,C,384.987477,,
pair_b393c1afa6c8ee301138,dataset/test/Citrus pest/2025_12_20_IMG (263).JPG,dataset/train/Citrus pest/2025_12_20_IMG (262).JPG,Citrus pest,Citrus pest,test,train,C,384.925991,,
pair_e6d017e2861f1dff0039,dataset/test/Greening/2025_12_21_IMG (256).JPG,dataset/train/Greening/2025_12_21_IMG (257).JPG,Greening,Greening,test,train,C,384.818999,,
pair_7f75135cebde706e81c4,dataset/test/Healthy leaf/2025_11_21_IMG (227).JPG,dataset/train/Healthy leaf/2025_11_21_IMG (226).JPG,Healthy leaf,Healthy leaf,test,train,C,384.800138,,
pair_aab7af11cf044b0f4fcc,dataset/test/Black spot/2025_12_20_IMG (135).JPG,dataset/train/Black spot/2025_12_20_IMG (134).JPG,Black spot,Black spot,test,train,C,384.799516,,
pair_3c8027829a22504452ad,dataset/test/Healthy leaf/2025_11_21_IMG (264).JPG,dataset/train/Healthy leaf/2025_11_21_IMG (263).JPG,Healthy leaf,Healthy leaf,test,train,C,384.755119,,
pair_d6b8c2420eb835bd0787,dataset/test/Algal leaf spot/2025_12_21_IMG (294).JPG,dataset/train/Algal leaf spot/2025_12_21_IMG (295).JPG,Algal leaf spot,Algal leaf spot,test,train,C,384.750784,,
pair_f17afcc37cc84167dcd4,dataset/test/Healthy leaf/2025_11_21_IMG (79).JPG,dataset/train/Healthy leaf/2025_11_21_IMG (77).JPG,Healthy leaf,Healthy leaf,test,train,C,384.748984,,
pair_a8c3b196a38b6938c3f9,dataset/test/Citrus pest/2025_12_20_IMG (387).JPG,dataset/train/Citrus pest/2025_12_20_IMG (389).JPG,Citrus pest,Citrus pest,test,train,C,384.725842,,
pair_64a05086db4c45874da9,dataset/test/Healthy leaf/2025_11_21_IMG (256).JPG,dataset/train/Healthy leaf/2025_11_21_IMG (255).JPG,Healthy leaf,Healthy leaf,test,train,C,384.681207,,
pair_1010b3f96b2f3eff2c82,dataset/test/Citrus pest/2025_12_20_IMG (368).JPG,dataset/train/Citrus pest/2025_12_20_IMG (369).JPG,Citrus pest,Citrus pest,test,train,C,384.646856,,
pair_446df81a1896ca53d2fc,dataset/test/Black spot/2025_12_20_IMG (49).JPG,dataset/train/Black spot/2025_12_20_IMG (48).JPG,Black spot,Black spot,test,train,C,384.596066,,
pair_59a61e8aef26580a5b63,dataset/test/Algal leaf spot/2025_12_21_IMG (227).JPG,dataset/train/Algal leaf spot/2025_12_21_IMG (226).JPG,Algal leaf spot,Algal leaf spot,test,train,C,384.57756,,
pair_0bb3431f26ed52bfa7f7,dataset/test/Citrus canker/2025_12_21_IMG (476).JPG,dataset/train/Citrus canker/2025_12_21_IMG (477).JPG,Citrus canker,Citrus canker,test,train,C,384.577225,,
pair_40df3c5b7a5bb25000b6,dataset/test/Algal leaf spot/2025_12_21_IMG (143).JPG,dataset/train/Algal leaf spot/2025_12_21_IMG (144).JPG,Algal leaf spot,Algal leaf spot,test,train,C,384.540084,,
pair_3798a6dc97fda5ec83d1,dataset/test/Greening/2025_12_21_IMG (20).JPG,dataset/train/Greening/2025_12_21_IMG (19).JPG,Greening,Greening,test,train,C,384.534217,,
pair_90ba277ad92c2779cee0,dataset/test/Black spot/2025_12_20_IMG (199).JPG,dataset/train/Black spot/2025_12_20_IMG (198).JPG,Black spot,Black spot,test,train,C,384.427417,,
pair_6baebf7ac36835e03e89,dataset/test/Citrus pest/2025_12_20_IMG (301).JPG,dataset/train/Citrus pest/2025_12_20_IMG (300).JPG,Citrus pest,Citrus pest,test,train,C,384.419087,,
pair_6b008056c4bfa99ead67,dataset/test/Healthy leaf/2025_11_21_IMG (294).JPG,dataset/train/Healthy leaf/2025_11_21_IMG (297).JPG,Healthy leaf,Healthy leaf,test,train,C,384.319958,,
pair_208dde1622cbf8a3d30f,dataset/test/Algal leaf spot/2025_12_21_IMG (150).JPG,dataset/train/Algal leaf spot/2025_12_21_IMG (149).JPG,Algal leaf spot,Algal leaf spot,test,train,C,384.227078,,
pair_251bf11cf71695e7318c,dataset/test/Healthy leaf/2025_11_21_IMG (264).JPG,dataset/train/Healthy leaf/2025_11_21_IMG (262).JPG,Healthy leaf,Healthy leaf,test,train,C,384.198471,,
pair_f6548f83156a3b7cf662,dataset/test/Black spot/2025_12_20_IMG (20).JPG,dataset/train/Black spot/2025_12_20_IMG (21).JPG,Black spot,Black spot,test,train,C,384.070349,,
pair_47e52c2bf62d60107ecf,dataset/test/Healthy leaf/2025_11_21_IMG (273).JPG,dataset/train/Healthy leaf/2025_11_21_IMG (272).JPG,Healthy leaf,Healthy leaf,test,train,C,384.049334,,
pair_41a3946c5867ed8d6926,dataset/test/Citrus canker/2025_12_21_IMG (431).JPG,dataset/train/Citrus canker/2025_12_21_IMG (432).JPG,Citrus canker,Citrus canker,test,train,C,384.025925,,
pair_e5c1a9af334b9c0fe74a,dataset/test/Black spot/2025_12_20_IMG (101).JPG,dataset/train/Black spot/2025_12_20_IMG (102).JPG,Black spot,Black spot,test,train,C,384.003782,,
pair_1d9678708e963a949452,dataset/test/Black spot/2025_12_20_IMG (156).JPG,dataset/train/Black spot/2025_12_20_IMG (157).JPG,Black spot,Black spot,test,train,C,383.954981,,
pair_f63bc63e2cade7ea024c,dataset/test/Algal leaf spot/2025_12_21_IMG (119).JPG,dataset/train/Algal leaf spot/2025_12_21_IMG (120).JPG,Algal leaf spot,Algal leaf spot,test,train,C,383.94845,,
pair_c4de27c1e715b428d3d4,dataset/test/Healthy leaf/2025_11_21_IMG (264).JPG,dataset/train/Healthy leaf/2025_11_21_IMG (265).JPG,Healthy leaf,Healthy leaf,test,train,C,383.769174,,
pair_813624fbea349e30e027,dataset/test/Algal leaf spot/2025_12_21_IMG (78).JPG,dataset/train/Algal leaf spot/2025_12_21_IMG (77).JPG,Algal leaf spot,Algal leaf spot,test,train,C,383.750292,,
pair_565fc11e74d66d93cd28,dataset/test/Healthy leaf/2025_11_21_IMG (292).JPG,dataset/train/Healthy leaf/2025_11_21_IMG (289).JPG,Healthy leaf,Healthy leaf,test,train,B,383.744792,,
pair_5f6816424d533d18a504,dataset/test/Algal leaf spot/2025_12_21_IMG (2).JPG,dataset/train/Algal leaf spot/2025_12_21_IMG (3).JPG,Algal leaf spot,Algal leaf spot,test,train,C,383.717207,,
pair_423d07bc66cea86f134d,dataset/test/Greening/2025_12_21_IMG (274).JPG,dataset/train/Greening/2025_12_21_IMG (275).JPG,Greening,Greening,test,train,C,383.690379,,
pair_b83f689946bd954ea55e,dataset/test/Citrus pest/2025_12_20_IMG (303).JPG,dataset/train/Citrus pest/2025_12_20_IMG (193).JPG,Citrus pest,Citrus pest,test,train,C,383.523476,,
pair_0708f46097e0a4e00064,dataset/test/Black spot/2025_12_20_IMG (206).JPG,dataset/train/Black spot/2025_12_20_IMG (207).JPG,Black spot,Black spot,test,train,C,383.485924,,
pair_8ac9dafa2ae56809cde3,dataset/test/Healthy leaf/2025_11_21_IMG (11).JPG,dataset/train/Healthy leaf/2025_11_21_IMG (9).JPG,Healthy leaf,Healthy leaf,test,train,C,383.455825,,
pair_086ef21fdbc319dcca72,dataset/test/Citrus canker/2025_12_21_IMG (387).JPG,dataset/train/Citrus canker/2025_12_21_IMG (386).JPG,Citrus canker,Citrus canker,test,train,C,383.418781,,
pair_cc2d0d5abcbac7da067c,dataset/test/Greening/2025_12_21_IMG (254).JPG,dataset/train/Greening/2025_12_21_IMG (253).JPG,Greening,Greening,test,train,C,383.132685,,
pair_fcd6fa4a1e9eb8b38d9b,dataset/test/Healthy leaf/2025_11_21_IMG (35).JPG,dataset/train/Healthy leaf/2025_11_21_IMG (34).JPG,Healthy leaf,Healthy leaf,test,train,C,383.12543,,
pair_0eb01b45ad0524c383ef,dataset/test/Healthy leaf/2025_11_21_IMG (170).JPG,dataset/train/Healthy leaf/2025_11_21_IMG (171).JPG,Healthy leaf,Healthy leaf,test,train,C,383.116293,,
pair_dd75ea769f7657ae527d,dataset/test/Citrus pest/2025_12_20_IMG (243).JPG,dataset/train/Citrus pest/2025_12_20_IMG (244).JPG,Citrus pest,Citrus pest,test,train,C,383.07431,,
pair_32e021ed7c3cd21d49da,dataset/test/Healthy leaf/2025_11_21_IMG (292).JPG,dataset/train/Healthy leaf/2025_11_21_IMG (288).JPG,Healthy leaf,Healthy leaf,test,train,C,383.047335,,
pair_89734927b171960e7ebb,dataset/test/Greening/2025_12_21_IMG (258).JPG,dataset/train/Greening/2025_12_21_IMG (260).JPG,Greening,Greening,test,train,C,383.044793,,
pair_c1b5ae2a9428fe6b74c4,dataset/test/Citrus canker/2025_12_21_IMG (344).JPG,dataset/train/Citrus canker/2025_12_21_IMG (341).JPG,Citrus canker,Citrus canker,test,train,C,382.931851,,
pair_220f095f56c9925b4f99,dataset/test/Citrus pest/2025_12_20_IMG (399).JPG,dataset/train/Citrus pest/2025_12_20_IMG (397).JPG,Citrus pest,Citrus pest,test,train,C,382.840912,,
pair_74830b178e28c4e35654,dataset/test/Algal leaf spot/2025_12_21_IMG (310).JPG,dataset/train/Algal leaf spot/2025_12_21_IMG (1).JPG,Algal leaf spot,Algal leaf spot,test,train,C,382.762407,,
pair_2b3fcbe117bd8f2ed8ce,dataset/test/Algal leaf spot/2025_12_21_IMG (79).JPG,dataset/train/Algal leaf spot/2025_12_21_IMG (77).JPG,Algal leaf spot,Algal leaf spot,test,train,C,382.657472,,
pair_6088b728ef7e37901503,dataset/test/Black spot/2025_12_20_IMG (273).JPG,dataset/train/Black spot/2025_12_20_IMG (272).JPG,Black spot,Black spot,test,train,C,382.649526,,
pair_a2dcbf8d62d44f06a9eb,dataset/test/Algal leaf spot/2025_12_21_IMG (206).JPG,dataset/train/Algal leaf spot/2025_12_21_IMG (204).JPG,Algal leaf spot,Algal leaf spot,test,train,C,382.536782,,
pair_35c24e63ac960ea79e46,dataset/test/Healthy leaf/2025_11_21_IMG (101).JPG,dataset/train/Healthy leaf/2025_11_21_IMG (102).JPG,Healthy leaf,Healthy leaf,test,train,C,382.441672,,
pair_ecdc61763fd15c5198f6,dataset/test/Greening/2025_12_21_IMG (38).JPG,dataset/train/Greening/2025_12_21_IMG (40).JPG,Greening,Greening,test,train,C,382.296068,,
pair_9eae7ee922677fbd9567,dataset/test/Black spot/2025_12_20_IMG (234).JPG,dataset/train/Black spot/2025_12_20_IMG (233).JPG,Black spot,Black spot,test,train,C,382.255263,,
pair_e403e594f1cf235452de,dataset/test/Citrus pest/2025_12_20_IMG (380).JPG,dataset/train/Citrus pest/2025_12_20_IMG (378).JPG,Citrus pest,Citrus pest,test,train,C,382.185439,,
pair_350b3ee4cca4eb134a91,dataset/test/Greening/2025_12_21_IMG (254).JPG,dataset/train/Greening/2025_12_21_IMG (255).JPG,Greening,Greening,test,train,C,382.146911,,
pair_dd6a75564b5ea2c18f2b,dataset/test/Citrus pest/2025_12_20_IMG (234).JPG,dataset/train/Citrus pest/2025_12_20_IMG (235).JPG,Citrus pest,Citrus pest,test,train,C,382.140422,,
pair_fe6a4ee0ffd8cbaebe3e,dataset/test/Healthy leaf/2025_11_21_IMG (256).JPG,dataset/train/Healthy leaf/2025_11_21_IMG (252).JPG,Healthy leaf,Healthy leaf,test,train,C,382.096027,,
pair_2ae70499319d0b7434a3,dataset/test/Greening/2025_12_21_IMG (2).JPG,dataset/train/Greening/2025_12_21_IMG (3).JPG,Greening,Greening,test,train,C,381.861287,,
pair_1a9f5f1373a04dd411e3,dataset/test/Algal leaf spot/2025_12_21_IMG (225).JPG,dataset/train/Algal leaf spot/2025_12_21_IMG (226).JPG,Algal leaf spot,Algal leaf spot,test,train,C,381.760088,,
pair_aac2c98efa484a778117,dataset/test/Healthy leaf/2025_11_21_IMG (258).JPG,dataset/train/Healthy leaf/2025_11_21_IMG (255).JPG,Healthy leaf,Healthy leaf,test,train,C,381.704645,,
pair_e6b49f15d3138a154f49,dataset/test/Algal leaf spot/2025_12_21_IMG (256).JPG,dataset/train/Algal leaf spot/2025_12_21_IMG (255).JPG,Algal leaf spot,Algal leaf spot,test,train,C,381.58601,,
pair_f660b63288c06a62f230,dataset/test/Greening/2025_12_21_IMG (254).JPG,dataset/train/Greening/2025_12_21_IMG (257).JPG,Greening,Greening,test,train,C,381.574101,,
pair_a198644db4bcfa8e0d08,dataset/test/Greening/2025_12_21_IMG (256).JPG,dataset/train/Greening/2025_12_21_IMG (253).JPG,Greening,Greening,test,train,C,381.510385,,
pair_44e8c8b98f939ffe1ecb,dataset/test/Greening/2025_12_21_IMG (38).JPG,dataset/train/Greening/2025_12_21_IMG (39).JPG,Greening,Greening,test,train,C,381.036091,,
pair_c473dde32fa26a293ac5,dataset/test/Healthy leaf/2025_11_21_IMG (274).JPG,dataset/train/Healthy leaf/2025_11_21_IMG (270).JPG,Healthy leaf,Healthy leaf,test,train,C,380.769626,,
pair_f96b663af5b8e4865b3a,dataset/test/Healthy leaf/2025_11_21_IMG (258).JPG,dataset/train/Healthy leaf/2025_11_21_IMG (252).JPG,Healthy leaf,Healthy leaf,test,train,C,380.76347,,
pair_e5520d4e23156a4bf4cd,dataset/test/Black spot/2025_12_20_IMG (143).JPG,dataset/train/Black spot/2025_12_20_IMG (142).JPG,Black spot,Black spot,test,train,C,380.715406,,
pair_59c0ff4add7248585d89,dataset/test/Algal leaf spot/2025_12_21_IMG (294).JPG,dataset/train/Algal leaf spot/2025_12_21_IMG (297).JPG,Algal leaf spot,Algal leaf spot,test,train,C,380.702642,,
pair_c070600ea31d9680f25e,dataset/test/Healthy leaf/2025_11_21_IMG (163).JPG,dataset/train/Healthy leaf/2025_11_21_IMG (165).JPG,Healthy leaf,Healthy leaf,test,train,C,380.587925,,
pair_54fd766e5e1a50d2a9ce,dataset/test/Citrus pest/2025_12_20_IMG (236).JPG,dataset/train/Citrus pest/2025_12_20_IMG (237).JPG,Citrus pest,Citrus pest,test,train,C,380.48551,,
pair_966fa549b6ea099d4cca,dataset/test/Algal leaf spot/2025_12_21_IMG (163).JPG,dataset/train/Algal leaf spot/2025_12_21_IMG (26).JPG,Algal leaf spot,Algal leaf spot,test,train,C,379.857421,,
pair_a05fb57477e9f904a4c1,dataset/test/Citrus canker/2025_12_21_IMG (489).JPG,dataset/train/Citrus canker/2025_12_21_IMG (490).JPG,Citrus canker,Citrus canker,test,train,C,379.655336,,
pair_c571d53cdef983522fd6,dataset/test/Citrus canker/2025_12_21_IMG (489).JPG,dataset/train/Citrus canker/2025_12_21_IMG (488).JPG,Citrus canker,Citrus canker,test,train,C,378.710417,,
pair_f7ae4b86069686342744,dataset/test/Greening/2025_12_21_IMG (256).JPG,dataset/train/Greening/2025_12_21_IMG (259).JPG,Greening,Greening,test,train,C,378.237683,,
pair_ed1864ae2a0dfe4f2cc3,dataset/test/Greening/2025_12_21_IMG (254).JPG,dataset/train/Greening/2025_12_21_IMG (259).JPG,Greening,Greening,test,train,C,377.213193,,
pair_c621b062bac97245fc32,dataset/test/Citrus pest/2025_12_20_IMG (404).JPG,dataset/train/Citrus pest/2025_12_20_IMG (402).JPG,Citrus pest,Citrus pest,test,train,D,375.988568,SAME_SOURCE,"Same folded leaf structure, damage and veins; same source."
pair_85e97433586a4883ba88,dataset/test/Algal leaf spot/2025_12_21_IMG (199).JPG,dataset/train/Algal leaf spot/2025_12_21_IMG (198).JPG,Algal leaf spot,Algal leaf spot,test,train,D,375.930414,SAME_SOURCE,"Same leaf outline, veins and lesion positions; same source."
pair_d05a3e6695bc1e44e255,dataset/test/Citrus pest/2025_12_20_IMG (394).JPG,dataset/train/Citrus pest/2025_12_20_IMG (393).JPG,Citrus pest,Citrus pest,test,train,D,375.661716,,
pair_6d649dd24e2619d02759,dataset/test/Citrus pest/2025_12_20_IMG (388).JPG,dataset/train/Citrus pest/2025_12_20_IMG (389).JPG,Citrus pest,Citrus pest,test,train,D,375.612504,,
pair_ab2ced0040a47d90549e,dataset/test/Citrus canker/2025_12_21_IMG (418).JPG,dataset/train/Citrus canker/2025_12_21_IMG (417).JPG,Citrus canker,Citrus canker,test,train,D,375.601433,,
pair_35317c3ec2315f59631b,dataset/test/Black spot/2025_12_20_IMG (201).JPG,dataset/train/Black spot/2025_12_20_IMG (200).JPG,Black spot,Black spot,test,train,D,375.436032,,
pair_5ce5a6490b6280df63bf,dataset/test/Algal leaf spot/2025_12_21_IMG (211).JPG,dataset/train/Algal leaf spot/2025_12_21_IMG (210).JPG,Algal leaf spot,Algal leaf spot,test,train,D,375.311111,,
pair_d355df8ae269a8a97f96,dataset/test/Citrus pest/2025_12_20_IMG (360).JPG,dataset/train/Citrus pest/2025_12_20_IMG (361).JPG,Citrus pest,Citrus pest,test,train,D,375.089182,,
pair_10f7c276da0b12471474,dataset/test/Black spot/2025_12_20_IMG (119).JPG,dataset/train/Black spot/2025_12_20_IMG (118).JPG,Black spot,Black spot,test,train,D,374.988435,,
pair_c4d8eb55b63c65c1c2ff,dataset/test/Algal leaf spot/2025_12_21_IMG (206).JPG,dataset/train/Algal leaf spot/2025_12_21_IMG (207).JPG,Algal leaf spot,Algal leaf spot,test,train,D,374.947799,,
pair_767df73f873afdff2449,dataset/test/Healthy leaf/2025_11_21_IMG (110).JPG,dataset/train/Healthy leaf/2025_11_21_IMG (108).JPG,Healthy leaf,Healthy leaf,test,train,D,374.777822,,
pair_ed7912ea82b722809e76,dataset/test/Algal leaf spot/2025_12_21_IMG (305).JPG,dataset/train/Algal leaf spot/2025_12_21_IMG (306).JPG,Algal leaf spot,Algal leaf spot,test,train,D,374.517243,,
pair_0d92b8a102161c4ffc5d,dataset/test/Black spot/2025_12_20_IMG (150).JPG,dataset/train/Black spot/2025_12_20_IMG (149).JPG,Black spot,Black spot,test,train,D,374.495421,,
pair_b0328e88260036fbd36f,dataset/test/Citrus canker/2025_12_21_IMG (534).JPG,dataset/train/Citrus canker/2025_12_21_IMG (533).JPG,Citrus canker,Citrus canker,test,train,D,374.466575,,
pair_7201b88f2d28f0ed14a2,dataset/test/Black spot/2025_12_20_IMG (266).JPG,dataset/train/Black spot/2025_12_20_IMG (265).JPG,Black spot,Black spot,test,train,D,374.453466,,
pair_f6bf3a281103491d3051,dataset/test/Algal leaf spot/2025_12_21_IMG (206).JPG,dataset/train/Algal leaf spot/2025_12_21_IMG (208).JPG,Algal leaf spot,Algal leaf spot,test,train,D,374.451871,,
pair_197b7d2f48d15860ffce,dataset/test/Black spot/2025_12_20_IMG (227).JPG,dataset/train/Black spot/2025_12_20_IMG (228).JPG,Black spot,Black spot,test,train,D,374.267748,,
pair_7c9ff51b498dde3ef673,dataset/test/Citrus pest/2025_12_20_IMG (208).JPG,dataset/train/Citrus pest/2025_12_20_IMG (206).JPG,Citrus pest,Citrus pest,test,train,D,374.199332,,
pair_b2bc08e79638e7f8bd45,dataset/test/Healthy leaf/2025_11_21_IMG (79).JPG,dataset/train/Healthy leaf/2025_11_21_IMG (76).JPG,Healthy leaf,Healthy leaf,test,train,D,374.133741,,
pair_f05b50b1b47f96d26b03,dataset/test/Algal leaf spot/2025_12_21_IMG (201).JPG,dataset/train/Algal leaf spot/2025_12_21_IMG (200).JPG,Algal leaf spot,Algal leaf spot,test,train,D,374.103428,,
pair_e8681eeb563f0b275a9b,dataset/test/Citrus canker/2025_12_21_IMG (416).JPG,dataset/train/Citrus canker/2025_12_21_IMG (415).JPG,Citrus canker,Citrus canker,test,train,D,374.050688,,
pair_bdd587bb73c32201b1d8,dataset/test/Algal leaf spot/2025_12_21_IMG (119).JPG,dataset/train/Algal leaf spot/2025_12_21_IMG (118).JPG,Algal leaf spot,Algal leaf spot,test,train,D,373.977453,,
pair_70f3bc70445669c4d8c9,dataset/test/Algal leaf spot/2025_12_21_IMG (135).JPG,dataset/train/Algal leaf spot/2025_12_21_IMG (137).JPG,Algal leaf spot,Algal leaf spot,test,train,D,373.924199,,
pair_5bbc7680b534f6ad3f42,dataset/test/Black spot/2025_12_20_IMG (225).JPG,dataset/train/Black spot/2025_12_20_IMG (224).JPG,Black spot,Black spot,test,train,D,373.907521,,
pair_507ab2fb19c16c872c5b,dataset/test/Citrus canker/2025_12_21_IMG (352).JPG,dataset/train/Citrus canker/2025_12_21_IMG (353).JPG,Citrus canker,Citrus canker,test,train,D,373.797999,,
pair_70fda8832c63101cb19c,dataset/test/Citrus pest/2025_12_20_IMG (368).JPG,dataset/train/Citrus pest/2025_12_20_IMG (367).JPG,Citrus pest,Citrus pest,test,train,D,373.559186,,
pair_6d097d20b0e5279c1f96,dataset/test/Algal leaf spot/2025_12_21_IMG (172).JPG,dataset/train/Algal leaf spot/2025_12_21_IMG (173).JPG,Algal leaf spot,Algal leaf spot,test,train,D,373.540612,,
pair_12338ef2a6ba116c6070,dataset/test/Black spot/2025_12_20_IMG (172).JPG,dataset/train/Black spot/2025_12_20_IMG (173).JPG,Black spot,Black spot,test,train,D,373.519741,,
pair_3b435350d2e46170d0c9,dataset/test/Black spot/2025_12_20_IMG (264).JPG,dataset/train/Black spot/2025_12_20_IMG (263).JPG,Black spot,Black spot,test,train,D,373.203746,,
pair_50dfcab9110d0f43768e,dataset/test/Citrus pest/2025_12_20_IMG (360).JPG,dataset/train/Citrus pest/2025_12_20_IMG (362).JPG,Citrus pest,Citrus pest,test,train,D,372.967044,,
pair_e9cfd66668504fa1083d,dataset/test/Algal leaf spot/2025_12_21_IMG (20).JPG,dataset/train/Algal leaf spot/2025_12_21_IMG (17).JPG,Algal leaf spot,Algal leaf spot,test,train,D,372.924411,,
pair_e62c1debea2085d1b158,dataset/test/Algal leaf spot/2025_12_21_IMG (234).JPG,dataset/train/Algal leaf spot/2025_12_21_IMG (233).JPG,Algal leaf spot,Algal leaf spot,test,train,D,372.855664,,
pair_4f6babe7acf565b9a1bc,dataset/test/Algal leaf spot/2025_12_21_IMG (273).JPG,dataset/train/Algal leaf spot/2025_12_21_IMG (275).JPG,Algal leaf spot,Algal leaf spot,test,train,D,372.662491,,
pair_e82fff62a64e3d421cf3,dataset/test/Greening/2025_12_21_IMG (42).JPG,dataset/train/Greening/2025_12_21_IMG (41).JPG,Greening,Greening,test,train,D,372.661706,,
pair_0ac4da065d5562ca7d19,dataset/test/Black spot/2025_12_20_IMG (305).JPG,dataset/train/Black spot/2025_12_20_IMG (306).JPG,Black spot,Black spot,test,train,D,372.340781,,
pair_7fba8c31ae46cc817907,dataset/test/Black spot/2025_12_20_IMG (294).JPG,dataset/train/Black spot/2025_12_20_IMG (295).JPG,Black spot,Black spot,test,train,D,372.316373,,
pair_9a589ddaf8fbe9325a50,dataset/test/Citrus pest/2025_12_20_IMG (341).JPG,dataset/train/Citrus pest/2025_12_20_IMG (340).JPG,Citrus pest,Citrus pest,test,train,D,372.297293,,
pair_eb830e4cf37214069a2b,dataset/test/Algal leaf spot/2025_12_21_IMG (294).JPG,dataset/train/Algal leaf spot/2025_12_21_IMG (296).JPG,Algal leaf spot,Algal leaf spot,test,train,D,372.168705,,
pair_58bc74f53a1b1248a124,dataset/test/Healthy leaf/2025_11_21_IMG (273).JPG,dataset/train/Healthy leaf/2025_11_21_IMG (271).JPG,Healthy leaf,Healthy leaf,test,train,D,372.164636,,
pair_177d2f095576266a1572,dataset/test/Healthy leaf/2025_11_21_IMG (61).JPG,dataset/train/Healthy leaf/2025_11_21_IMG (62).JPG,Healthy leaf,Healthy leaf,test,train,D,372.130779,,
pair_b296f3f6d5db4d2a5c23,dataset/test/Citrus canker/2025_12_21_IMG (352).JPG,dataset/train/Citrus canker/2025_12_21_IMG (351).JPG,Citrus canker,Citrus canker,test,train,D,371.777951,,
pair_133a039bb80bf0e28ca4,dataset/test/Citrus canker/2025_12_21_IMG (418).JPG,dataset/train/Citrus canker/2025_12_21_IMG (415).JPG,Citrus canker,Citrus canker,test,train,D,371.734625,,
pair_623f3af3af6757adb6e6,dataset/test/Black spot/2025_12_20_IMG (2).JPG,dataset/train/Black spot/2025_12_20_IMG (4).JPG,Black spot,Black spot,test,train,D,371.72097,,
pair_fbdb1f85ca7c4367112e,dataset/test/Algal leaf spot/2025_12_21_IMG (188).JPG,dataset/train/Algal leaf spot/2025_12_21_IMG (186).JPG,Algal leaf spot,Algal leaf spot,test,train,D,371.661829,,
pair_beffca15b2c4a54ad9e5,dataset/test/Citrus canker/2025_12_21_IMG (511).JPG,dataset/train/Citrus canker/2025_12_21_IMG (512).JPG,Citrus canker,Citrus canker,test,train,D,371.487328,,
pair_0e85cd08c24dae61eb3b,dataset/test/Healthy leaf/2025_11_21_IMG (273).JPG,dataset/train/Healthy leaf/2025_11_21_IMG (270).JPG,Healthy leaf,Healthy leaf,test,train,D,371.390825,,
pair_d1149c9d14da6661fb1b,dataset/test/Black spot/2025_12_20_IMG (146).JPG,dataset/train/Black spot/2025_12_20_IMG (144).JPG,Black spot,Black spot,test,train,D,371.363253,,
pair_96b85ddf71a37f60f364,dataset/test/Algal leaf spot/2025_12_21_IMG (52).JPG,dataset/train/Algal leaf spot/2025_12_21_IMG (53).JPG,Algal leaf spot,Algal leaf spot,test,train,D,370.940829,,
pair_56b56b421a5714559900,dataset/test/Algal leaf spot/2025_12_21_IMG (170).JPG,dataset/train/Algal leaf spot/2025_12_21_IMG (169).JPG,Algal leaf spot,Algal leaf spot,test,train,D,370.8111,,
pair_ee48da02a5bfe79d4dde,dataset/test/Healthy leaf/2025_11_21_IMG (163).JPG,dataset/train/Healthy leaf/2025_11_21_IMG (164).JPG,Healthy leaf,Healthy leaf,test,train,D,370.713881,,
pair_6878b6233716dc6ee03b,dataset/test/Black spot/2025_12_20_IMG (2).JPG,dataset/train/Black spot/2025_12_20_IMG (3).JPG,Black spot,Black spot,test,train,D,370.586633,,
pair_c688561c8eeb812cc0e1,dataset/test/Algal leaf spot/2025_12_21_IMG (264).JPG,dataset/train/Algal leaf spot/2025_12_21_IMG (263).JPG,Algal leaf spot,Algal leaf spot,test,train,D,370.487767,,
pair_ab7102b72d42b1840ee4,dataset/test/Healthy leaf/2025_11_21_IMG (92).JPG,dataset/train/Healthy leaf/2025_11_21_IMG (91).JPG,Healthy leaf,Healthy leaf,test,train,D,370.469398,,
pair_526ec5292b42840d4a0b,dataset/test/Healthy leaf/2025_11_21_IMG (143).JPG,dataset/train/Healthy leaf/2025_11_21_IMG (142).JPG,Healthy leaf,Healthy leaf,test,train,D,370.032825,,
pair_2f51e015554a37ec8268,dataset/test/Greening/2025_12_21_IMG (331).JPG,dataset/train/Greening/2025_12_21_IMG (330).JPG,Greening,Greening,test,train,D,370.02777,,
pair_f220ae32e527fff75bd9,dataset/test/Citrus canker/2025_12_21_IMG (481).JPG,dataset/train/Citrus canker/2025_12_21_IMG (482).JPG,Citrus canker,Citrus canker,test,train,D,369.771231,,
pair_a1878f8a13e547c78f02,dataset/test/Greening/2025_12_21_IMG (11).JPG,dataset/train/Greening/2025_12_21_IMG (10).JPG,Greening,Greening,test,train,D,369.761199,,
pair_059b2d6bed766556b018,dataset/test/Black spot/2025_12_20_IMG (211).JPG,dataset/train/Black spot/2025_12_20_IMG (210).JPG,Black spot,Black spot,test,train,D,369.547942,,
pair_dbc230efdfe8efb859a5,dataset/test/Citrus pest/2025_12_20_IMG (399).JPG,dataset/train/Citrus pest/2025_12_20_IMG (396).JPG,Citrus pest,Citrus pest,test,train,D,369.287372,,
pair_a388471283698f204360,dataset/test/Healthy leaf/2025_11_21_IMG (90).JPG,dataset/train/Healthy leaf/2025_11_21_IMG (89).JPG,Healthy leaf,Healthy leaf,test,train,D,369.185601,,
pair_12090585e871c6d77dc0,dataset/test/Algal leaf spot/2025_12_21_IMG (101).JPG,dataset/train/Algal leaf spot/2025_12_21_IMG (102).JPG,Algal leaf spot,Algal leaf spot,test,train,D,369.150081,,
pair_f21686004a3056f74d82,dataset/test/Citrus canker/2025_12_21_IMG (559).JPG,dataset/train/Citrus canker/2025_12_21_IMG (560).JPG,Citrus canker,Citrus canker,test,train,D,368.998434,,
pair_03069f076ce682f0ae69,dataset/test/Citrus canker/2025_12_21_IMG (556).JPG,dataset/train/Citrus canker/2025_12_21_IMG (555).JPG,Citrus canker,Citrus canker,test,train,D,368.97534,,
pair_a9e0b70ad562017c1bea,dataset/test/Healthy leaf/2025_11_21_IMG (294).JPG,dataset/train/Healthy leaf/2025_11_21_IMG (298).JPG,Healthy leaf,Healthy leaf,test,train,D,368.785029,,
pair_bb1cfc2ee3f57ee6b57e,dataset/test/Citrus pest/2025_12_20_IMG (267).JPG,dataset/train/Citrus pest/2025_12_20_IMG (268).JPG,Citrus pest,Citrus pest,test,train,D,368.61233,,
pair_0bfb02ae9ef824a2be88,dataset/test/Healthy leaf/2025_11_21_IMG (294).JPG,dataset/train/Healthy leaf/2025_11_21_IMG (295).JPG,Healthy leaf,Healthy leaf,test,train,D,368.23969,,
pair_e6b6c366e08833f79ba7,dataset/test/Citrus canker/2025_12_21_IMG (205).JPG,dataset/train/Citrus canker/2025_12_21_IMG (204).JPG,Citrus canker,Citrus canker,test,train,D,368.212356,,
pair_0e3f6a95327e513c2ad6,dataset/test/Citrus pest/2025_12_20_IMG (42).JPG,dataset/train/Citrus pest/2025_12_20_IMG (43).JPG,Citrus pest,Citrus pest,test,train,D,367.715841,,
pair_89f05a3f160e3de024db,dataset/test/Healthy leaf/2025_11_21_IMG (266).JPG,dataset/train/Healthy leaf/2025_11_21_IMG (269).JPG,Healthy leaf,Healthy leaf,test,train,D,367.658674,,
pair_943091bced1d62fa6b1b,dataset/test/Greening/2025_12_21_IMG (274).JPG,dataset/train/Greening/2025_12_21_IMG (276).JPG,Greening,Greening,test,train,D,367.475515,,
pair_a4309e840eef12b73077,dataset/test/Greening/2025_12_21_IMG (258).JPG,dataset/train/Greening/2025_12_21_IMG (255).JPG,Greening,Greening,test,train,D,367.440206,,
pair_4f786ed0b3d1bcbe10b2,dataset/test/Citrus canker/2025_12_21_IMG (529).JPG,dataset/train/Citrus canker/2025_12_21_IMG (527).JPG,Citrus canker,Citrus canker,test,train,D,367.188489,,
pair_a0e9aaeddcb4c29a47a8,dataset/test/Citrus pest/2025_12_20_IMG (263).JPG,dataset/train/Citrus pest/2025_12_20_IMG (261).JPG,Citrus pest,Citrus pest,test,train,D,366.901593,,
pair_2f0d0b10ad2e47b282bc,dataset/test/Healthy leaf/2025_11_21_IMG (88).JPG,dataset/train/Healthy leaf/2025_11_21_IMG (87).JPG,Healthy leaf,Healthy leaf,test,train,D,366.859044,,
pair_02c522d293d605b21196,dataset/test/Healthy leaf/2025_11_21_IMG (2).JPG,dataset/train/Healthy leaf/2025_11_21_IMG (300).JPG,Healthy leaf,Healthy leaf,test,train,D,366.814724,,
pair_3247405a0987d2bcf038,dataset/test/Healthy leaf/2025_11_21_IMG (266).JPG,dataset/train/Healthy leaf/2025_11_21_IMG (270).JPG,Healthy leaf,Healthy leaf,test,train,D,366.735957,,
pair_2b30866c62a3b23fedb5,dataset/test/Algal leaf spot/2025_12_21_IMG (170).JPG,dataset/train/Algal leaf spot/2025_12_21_IMG (168).JPG,Algal leaf spot,Algal leaf spot,test,train,D,366.462263,,
pair_e414d302db08d49f083e,dataset/test/Algal leaf spot/2025_12_21_IMG (139).JPG,dataset/train/Algal leaf spot/2025_12_21_IMG (140).JPG,Algal leaf spot,Algal leaf spot,test,train,D,366.165876,,
pair_63cd9c284d3bbb61bf62,dataset/test/Greening/2025_12_21_IMG (256).JPG,dataset/train/Greening/2025_12_21_IMG (260).JPG,Greening,Greening,test,train,D,366.034241,,
pair_3579b72aa67e7ecbe52a,dataset/test/Citrus pest/2025_12_20_IMG (273).JPG,dataset/train/Citrus pest/2025_12_20_IMG (274).JPG,Citrus pest,Citrus pest,test,train,D,365.970947,,
pair_5312da375f1072087016,dataset/test/Greening/2025_12_21_IMG (254).JPG,dataset/train/Greening/2025_12_21_IMG (260).JPG,Greening,Greening,test,train,D,365.817119,,
pair_37b2efee932607884096,dataset/test/Greening/2025_12_21_IMG (258).JPG,dataset/train/Greening/2025_12_21_IMG (253).JPG,Greening,Greening,test,train,D,365.642192,,
pair_b738d3f8d3a1677373af,dataset/test/Algal leaf spot/2025_12_21_IMG (92).JPG,dataset/train/Algal leaf spot/2025_12_21_IMG (91).JPG,Algal leaf spot,Algal leaf spot,test,train,D,365.4774,,
pair_54e43319f731281f8207,dataset/test/Algal leaf spot/2025_12_21_IMG (188).JPG,dataset/train/Algal leaf spot/2025_12_21_IMG (189).JPG,Algal leaf spot,Algal leaf spot,test,train,D,365.331442,,
pair_ad4fe511b0ff3750d7d9,dataset/test/Healthy leaf/2025_11_21_IMG (40).JPG,dataset/train/Healthy leaf/2025_11_21_IMG (41).JPG,Healthy leaf,Healthy leaf,test,train,D,365.25435,,
pair_7bccb3b7b6f2600ef071,dataset/test/Algal leaf spot/2025_12_21_IMG (163).JPG,dataset/train/Algal leaf spot/2025_12_21_IMG (27).JPG,Algal leaf spot,Algal leaf spot,test,train,D,364.913299,,
pair_038dc9956fba7bca5170,dataset/test/Algal leaf spot/2025_12_21_IMG (88).JPG,dataset/train/Algal leaf spot/2025_12_21_IMG (89).JPG,Algal leaf spot,Algal leaf spot,test,train,D,364.844693,,
pair_7df22429681e1674cc54,dataset/test/Healthy leaf/2025_11_21_IMG (266).JPG,dataset/train/Healthy leaf/2025_11_21_IMG (285).JPG,Healthy leaf,Healthy leaf,test,train,D,363.994852,,
pair_f4cf2b87c202797f556f,dataset/test/Greening/2025_12_21_IMG (264).JPG,dataset/train/Greening/2025_12_21_IMG (265).JPG,Greening,Greening,test,train,D,361.791218,,
pair_1814c032b7fa26f25c9b,dataset/test/Greening/2025_12_21_IMG (220).JPG,dataset/train/Greening/2025_12_21_IMG (116).JPG,Greening,Greening,test,train,D,360.988093,,
pair_3973b1c14105f2135c9e,dataset/test/Black spot/2025_12_20_IMG (86).JPG,dataset/train/Black spot/2025_12_20_IMG (87).JPG,Black spot,Black spot,test,train,D,358.641893,,
pair_0f767fe9dbec0a0adf9c,dataset/test/Black spot/2025_12_20_IMG (146).JPG,dataset/train/Citrus canker/2025_12_21_IMG (208).JPG,Black spot,Citrus canker,test,train,D,358.228592,,
pair_1b860852409e9e3be2b3,dataset/test/Greening/2025_12_21_IMG (2).JPG,dataset/train/Greening/2025_12_21_IMG (261).JPG,Greening,Greening,test,train,D,356.447527,,
pair_1dace49d9eaafc533c07,dataset/test/Citrus canker/2025_12_21_IMG (281).JPG,dataset/train/Greening/2025_12_21_IMG (85).JPG,Citrus canker,Greening,test,train,D,356.325217,,
pair_b8c176bf21602aac0870,dataset/test/Healthy leaf/2025_11_21_IMG (112).JPG,dataset/train/Algal leaf spot/2025_12_21_IMG (231).JPG,Healthy leaf,Algal leaf spot,test,train,D,346.144562,,
pair_48381a785fa9de1334c5,dataset/train/Citrus pest/2025_12_20_IMG (291).JPG,dataset/val/Citrus pest/2025_12_20_IMG (292).JPG,Citrus pest,Citrus pest,train,val,C,287.778148,SAME_SOURCE,Same damaged leaf structure and vein pattern; same source.
pair_4bb39808055e3b4735e3,dataset/train/Healthy leaf/2025_11_21_IMG (185).JPG,dataset/val/Healthy leaf/2025_11_21_IMG (184).JPG,Healthy leaf,Healthy leaf,train,val,B,287.749043,SAME_SOURCE,Auto-prefilled from very strong multi-metric similarity; same class/capture sequence. Requires spot-check.
pair_a442766df9ed2d6e51a4,dataset/train/Algal leaf spot/2025_12_21_IMG (182).JPG,dataset/val/Algal leaf spot/2025_12_21_IMG (183).JPG,Algal leaf spot,Algal leaf spot,train,val,C,287.563591,SAME_SOURCE,"Same leaf outline, spots and vein structure; consecutive capture."
pair_e584d18b56c59e96416c,dataset/train/Algal leaf spot/2025_12_21_IMG (46).JPG,dataset/val/Algal leaf spot/2025_12_21_IMG (47).JPG,Algal leaf spot,Algal leaf spot,train,val,C,287.51237,SAME_SOURCE,"Same leaf, lesion locations and background; near-identical capture"
pair_a6571383a775a2dca128,dataset/train/Citrus canker/2025_12_21_IMG (364).JPG,dataset/val/Citrus canker/2025_12_21_IMG (363).JPG,Citrus canker,Citrus canker,train,val,C,287.160041,,
pair_19f02b7113476bb205cb,dataset/train/Algal leaf spot/2025_12_21_IMG (7).JPG,dataset/val/Algal leaf spot/2025_12_21_IMG (6).JPG,Algal leaf spot,Algal leaf spot,train,val,C,287.116048,,
pair_25bb6aa770287d314b2e,dataset/train/Healthy leaf/2025_11_21_IMG (67).JPG,dataset/val/Healthy leaf/2025_11_21_IMG (66).JPG,Healthy leaf,Healthy leaf,train,val,C,287.069976,,
pair_dffaf6e14f07951e34e6,dataset/train/Algal leaf spot/2025_12_21_IMG (175).JPG,dataset/val/Algal leaf spot/2025_12_21_IMG (174).JPG,Algal leaf spot,Algal leaf spot,train,val,C,287.05729,,
pair_2c9a1e0679564bfc79c1,dataset/train/Healthy leaf/2025_11_21_IMG (162).JPG,dataset/val/Healthy leaf/2025_11_21_IMG (161).JPG,Healthy leaf,Healthy leaf,train,val,C,287.009467,,
pair_05c6e0b9c2660c30893e,dataset/train/Citrus pest/2025_12_20_IMG (354).JPG,dataset/val/Citrus pest/2025_12_20_IMG (355).JPG,Citrus pest,Citrus pest,train,val,C,286.982297,,
pair_55bc69a19ee06ab6971e,dataset/train/Black spot/2025_12_20_IMG (6).JPG,dataset/val/Black spot/2025_12_20_IMG (7).JPG,Black spot,Black spot,train,val,C,286.929811,,
pair_44c44f334ef046997549,dataset/train/Healthy leaf/2025_11_21_IMG (295).JPG,dataset/val/Healthy leaf/2025_11_21_IMG (296).JPG,Healthy leaf,Healthy leaf,train,val,C,286.865999,,
pair_65246bb1f5b512046f11,dataset/train/Algal leaf spot/2025_12_21_IMG (279).JPG,dataset/val/Algal leaf spot/2025_12_21_IMG (278).JPG,Algal leaf spot,Algal leaf spot,train,val,C,286.843021,,
pair_e6331094ec9e0d3c23fb,dataset/train/Citrus pest/2025_12_20_IMG (338).JPG,dataset/val/Citrus pest/2025_12_20_IMG (339).JPG,Citrus pest,Citrus pest,train,val,C,286.761326,,
pair_afb0c3d47f601c85c522,dataset/train/Healthy leaf/2025_11_21_IMG (290).JPG,dataset/val/Healthy leaf/2025_11_21_IMG (291).JPG,Healthy leaf,Healthy leaf,train,val,B,286.659218,,
pair_7b50a6cb6abd8f1a8560,dataset/train/Healthy leaf/2025_11_21_IMG (252).JPG,dataset/val/Healthy leaf/2025_11_21_IMG (253).JPG,Healthy leaf,Healthy leaf,train,val,C,286.564872,,
pair_c77cf4a79d10b274ad01,dataset/train/Algal leaf spot/2025_12_21_IMG (137).JPG,dataset/val/Algal leaf spot/2025_12_21_IMG (138).JPG,Algal leaf spot,Algal leaf spot,train,val,C,286.511352,,
pair_d334f8110518eeda5557,dataset/train/Citrus pest/2025_12_20_IMG (270).JPG,dataset/val/Citrus pest/2025_12_20_IMG (271).JPG,Citrus pest,Citrus pest,train,val,C,286.443013,,
pair_e5a0e75ac23df78ae7a5,dataset/train/Citrus canker/2025_12_21_IMG (544).JPG,dataset/val/Citrus canker/2025_12_21_IMG (545).JPG,Citrus canker,Citrus canker,train,val,C,286.404833,,
pair_916cc3a0b7aa23ec9d08,dataset/train/Citrus pest/2025_12_20_IMG (233).JPG,dataset/val/Citrus pest/2025_12_20_IMG (232).JPG,Citrus pest,Citrus pest,train,val,C,286.366995,,
pair_50c8cdd9dc39e84a3335,dataset/train/Algal leaf spot/2025_12_21_IMG (137).JPG,dataset/val/Algal leaf spot/2025_12_21_IMG (136).JPG,Algal leaf spot,Algal leaf spot,train,val,C,286.339688,,
pair_1a030ebe2e83f6d84654,dataset/train/Healthy leaf/2025_11_21_IMG (247).JPG,dataset/val/Healthy leaf/2025_11_21_IMG (248).JPG,Healthy leaf,Healthy leaf,train,val,C,286.260243,,
pair_c91b3a809e59723fd852,dataset/train/Healthy leaf/2025_11_21_IMG (118).JPG,dataset/val/Healthy leaf/2025_11_21_IMG (117).JPG,Healthy leaf,Healthy leaf,train,val,C,286.25653,,
pair_cbe2e73245ccafdd1651,dataset/train/Citrus canker/2025_12_21_IMG (518).JPG,dataset/val/Citrus canker/2025_12_21_IMG (519).JPG,Citrus canker,Citrus canker,train,val,C,286.202962,,
pair_8b121a684f943ebacf59,dataset/train/Black spot/2025_12_20_IMG (173).JPG,dataset/val/Black spot/2025_12_20_IMG (174).JPG,Black spot,Black spot,train,val,C,286.126082,,
pair_01ca614f1f4d4b9b8e09,dataset/train/Healthy leaf/2025_11_21_IMG (255).JPG,dataset/val/Healthy leaf/2025_11_21_IMG (253).JPG,Healthy leaf,Healthy leaf,train,val,C,285.982229,,
pair_81ce1016de4d3106c9fa,dataset/train/Algal leaf spot/2025_12_21_IMG (13).JPG,dataset/val/Algal leaf spot/2025_12_21_IMG (12).JPG,Algal leaf spot,Algal leaf spot,train,val,C,285.933307,,
pair_08cea93b53d3161e6069,dataset/train/Greening/2025_12_21_IMG (245).JPG,dataset/val/Greening/2025_12_21_IMG (244).JPG,Greening,Greening,train,val,C,285.906841,,
pair_24b5a53dc6a0c19c3d03,dataset/train/Black spot/2025_12_20_IMG (195).JPG,dataset/val/Black spot/2025_12_20_IMG (196).JPG,Black spot,Black spot,train,val,C,285.786132,,
pair_717a092be05ca06cfbeb,dataset/train/Citrus canker/2025_12_21_IMG (546).JPG,dataset/val/Citrus canker/2025_12_21_IMG (545).JPG,Citrus canker,Citrus canker,train,val,C,285.779621,,
pair_c5b835f1ef06222a5e57,dataset/train/Black spot/2025_12_20_IMG (14).JPG,dataset/val/Black spot/2025_12_20_IMG (15).JPG,Black spot,Black spot,train,val,C,285.765882,,
pair_1c22cb21e0704e39c014,dataset/train/Algal leaf spot/2025_12_21_IMG (280).JPG,dataset/val/Algal leaf spot/2025_12_21_IMG (278).JPG,Algal leaf spot,Algal leaf spot,train,val,C,285.662979,,
pair_3332df3a5f4583b4d95d,dataset/train/Citrus pest/2025_12_20_IMG (291).JPG,dataset/val/Citrus pest/2025_12_20_IMG (290).JPG,Citrus pest,Citrus pest,train,val,C,285.658631,,
pair_4a72e82885ec1e1bf3b6,dataset/train/Healthy leaf/2025_11_21_IMG (14).JPG,dataset/val/Healthy leaf/2025_11_21_IMG (15).JPG,Healthy leaf,Healthy leaf,train,val,C,285.648626,,
pair_1e5085c5a2f4e785b527,dataset/train/Healthy leaf/2025_11_21_IMG (69).JPG,dataset/val/Healthy leaf/2025_11_21_IMG (68).JPG,Healthy leaf,Healthy leaf,train,val,C,285.620567,,
pair_1ca5e33f1dadd28b128f,dataset/train/Citrus pest/2025_12_20_IMG (374).JPG,dataset/val/Citrus pest/2025_12_20_IMG (373).JPG,Citrus pest,Citrus pest,train,val,C,285.565899,,
pair_bf4e4191ceb5b36eff31,dataset/train/Healthy leaf/2025_11_21_IMG (44).JPG,dataset/val/Healthy leaf/2025_11_21_IMG (45).JPG,Healthy leaf,Healthy leaf,train,val,C,285.56196,,
pair_112987d5eddcc6683f60,dataset/train/Algal leaf spot/2025_12_21_IMG (129).JPG,dataset/val/Algal leaf spot/2025_12_21_IMG (130).JPG,Algal leaf spot,Algal leaf spot,train,val,C,285.547947,,
pair_1eb665f14180f18cdc3d,dataset/train/Healthy leaf/2025_11_21_IMG (3).JPG,dataset/val/Healthy leaf/2025_11_21_IMG (4).JPG,Healthy leaf,Healthy leaf,train,val,C,285.543762,,
pair_80daaaf0ce672592525e,dataset/train/Citrus pest/2025_12_20_IMG (397).JPG,dataset/val/Citrus pest/2025_12_20_IMG (398).JPG,Citrus pest,Citrus pest,train,val,C,285.475143,,
pair_2f8887c25260d69b30f3,dataset/train/Algal leaf spot/2025_12_21_IMG (181).JPG,dataset/val/Algal leaf spot/2025_12_21_IMG (183).JPG,Algal leaf spot,Algal leaf spot,train,val,C,285.336809,,
pair_48126e8ad1ee44adf3a9,dataset/train/Black spot/2025_12_20_IMG (152).JPG,dataset/val/Black spot/2025_12_20_IMG (151).JPG,Black spot,Black spot,train,val,C,285.316185,,
pair_6353514598ab74d66eb4,dataset/train/Healthy leaf/2025_11_21_IMG (167).JPG,dataset/val/Healthy leaf/2025_11_21_IMG (166).JPG,Healthy leaf,Healthy leaf,train,val,C,285.312239,,
pair_628dadca64474503a349,dataset/train/Citrus canker/2025_12_21_IMG (568).JPG,dataset/val/Citrus canker/2025_12_21_IMG (567).JPG,Citrus canker,Citrus canker,train,val,C,285.304791,,
pair_fb287fcfc9aa183f7d97,dataset/train/Greening/2025_12_21_IMG (15).JPG,dataset/val/Greening/2025_12_21_IMG (16).JPG,Greening,Greening,train,val,C,285.269299,,
pair_8522a5bfc25bc08701ef,dataset/train/Citrus canker/2025_12_21_IMG (392).JPG,dataset/val/Citrus canker/2025_12_21_IMG (391).JPG,Citrus canker,Citrus canker,train,val,C,285.193663,,
pair_e0a7b316dc91c6676ac5,dataset/train/Healthy leaf/2025_11_21_IMG (43).JPG,dataset/val/Healthy leaf/2025_11_21_IMG (42).JPG,Healthy leaf,Healthy leaf,train,val,C,285.104644,,
pair_3b5a561f9d2ea9fa2e4c,dataset/train/Healthy leaf/2025_11_21_IMG (122).JPG,dataset/val/Healthy leaf/2025_11_21_IMG (121).JPG,Healthy leaf,Healthy leaf,train,val,C,285.05996,,
pair_4441029d6b36d5edcdb2,dataset/train/Citrus canker/2025_12_21_IMG (553).JPG,dataset/val/Citrus canker/2025_12_21_IMG (554).JPG,Citrus canker,Citrus canker,train,val,C,284.922352,,
pair_f8fc15530ffacf5bc1e1,dataset/train/Algal leaf spot/2025_12_21_IMG (116).JPG,dataset/val/Algal leaf spot/2025_12_21_IMG (115).JPG,Algal leaf spot,Algal leaf spot,train,val,C,284.914077,,
pair_49d8e2dfc477e9cd96cd,dataset/train/Healthy leaf/2025_11_21_IMG (249).JPG,dataset/val/Healthy leaf/2025_11_21_IMG (248).JPG,Healthy leaf,Healthy leaf,train,val,C,284.822761,,
pair_b2612bcdfac880ba3833,dataset/train/Citrus pest/2025_12_20_IMG (376).JPG,dataset/val/Citrus pest/2025_12_20_IMG (375).JPG,Citrus pest,Citrus pest,train,val,C,284.707584,,
pair_977f4f88b61efcf80b71,dataset/train/Healthy leaf/2025_11_21_IMG (275).JPG,dataset/val/Healthy leaf/2025_11_21_IMG (277).JPG,Healthy leaf,Healthy leaf,train,val,C,284.676125,,
pair_b8d9a7c04fe0d7e03f07,dataset/train/Citrus canker/2025_12_21_IMG (369).JPG,dataset/val/Citrus canker/2025_12_21_IMG (368).JPG,Citrus canker,Citrus canker,train,val,C,284.56893,,
pair_31865ed9eac80dfb1a3e,dataset/train/Healthy leaf/2025_11_21_IMG (182).JPG,dataset/val/Healthy leaf/2025_11_21_IMG (184).JPG,Healthy leaf,Healthy leaf,train,val,C,284.482946,,
pair_61ce2ab40616ce6f0f7a,dataset/train/Citrus pest/2025_12_20_IMG (371).JPG,dataset/val/Citrus pest/2025_12_20_IMG (370).JPG,Citrus pest,Citrus pest,train,val,C,284.417747,,
pair_a9b370b11555c0720642,dataset/train/Healthy leaf/2025_11_21_IMG (153).JPG,dataset/val/Healthy leaf/2025_11_21_IMG (152).JPG,Healthy leaf,Healthy leaf,train,val,C,284.40528,,
pair_c6d877070640bf5f7f39,dataset/train/Citrus pest/2025_12_20_IMG (254).JPG,dataset/val/Citrus pest/2025_12_20_IMG (253).JPG,Citrus pest,Citrus pest,train,val,C,284.368516,,
pair_9723b8e47bde4ce5e9a7,dataset/train/Citrus pest/2025_12_20_IMG (353).JPG,dataset/val/Citrus pest/2025_12_20_IMG (355).JPG,Citrus pest,Citrus pest,train,val,C,284.357661,,
pair_eccc18d95fd302572a8b,dataset/train/Healthy leaf/2025_11_21_IMG (162).JPG,dataset/val/Healthy leaf/2025_11_21_IMG (160).JPG,Healthy leaf,Healthy leaf,train,val,C,284.352354,,
pair_cbec4e842d1d03809bb7,dataset/train/Black spot/2025_12_20_IMG (63).JPG,dataset/val/Black spot/2025_12_20_IMG (62).JPG,Black spot,Black spot,train,val,C,284.304273,,
pair_c0a8b826c20053a9eb25,dataset/train/Citrus canker/2025_12_21_IMG (403).JPG,dataset/val/Citrus canker/2025_12_21_IMG (404).JPG,Citrus canker,Citrus canker,train,val,C,284.267077,,
pair_93b69fb421718cc60750,dataset/train/Algal leaf spot/2025_12_21_IMG (45).JPG,dataset/val/Algal leaf spot/2025_12_21_IMG (47).JPG,Algal leaf spot,Algal leaf spot,train,val,C,284.259027,,
pair_a3bdd153cde2a9c3db14,dataset/train/Citrus canker/2025_12_21_IMG (439).JPG,dataset/val/Citrus canker/2025_12_21_IMG (438).JPG,Citrus canker,Citrus canker,train,val,C,284.253961,,
pair_0fa39f35a4c139793299,dataset/train/Citrus pest/2025_12_20_IMG (372).JPG,dataset/val/Citrus pest/2025_12_20_IMG (370).JPG,Citrus pest,Citrus pest,train,val,C,284.25132,,
pair_149af2fa38b863fe04f8,dataset/train/Citrus canker/2025_12_21_IMG (479).JPG,dataset/val/Citrus canker/2025_12_21_IMG (480).JPG,Citrus canker,Citrus canker,train,val,C,284.243115,,
pair_67a23088c01e551a7ab3,dataset/train/Healthy leaf/2025_11_21_IMG (108).JPG,dataset/val/Healthy leaf/2025_11_21_IMG (109).JPG,Healthy leaf,Healthy leaf,train,val,C,284.212437,,
pair_ce7a99936d13650f7a55,dataset/train/Citrus canker/2025_12_21_IMG (365).JPG,dataset/val/Citrus canker/2025_12_21_IMG (363).JPG,Citrus canker,Citrus canker,train,val,C,284.179972,,
pair_253976fdca3c41afcb30,dataset/train/Greening/2025_12_21_IMG (30).JPG,dataset/val/Greening/2025_12_21_IMG (31).JPG,Greening,Greening,train,val,C,284.127247,,
pair_2d2d41867c1c69b9a130,dataset/train/Citrus pest/2025_12_20_IMG (255).JPG,dataset/val/Citrus pest/2025_12_20_IMG (253).JPG,Citrus pest,Citrus pest,train,val,C,284.058333,,
pair_b1e2c2028816f568ca9d,dataset/train/Healthy leaf/2025_11_21_IMG (182).JPG,dataset/val/Healthy leaf/2025_11_21_IMG (183).JPG,Healthy leaf,Healthy leaf,train,val,C,283.963126,,
pair_41b0575ce41c73434851,dataset/train/Citrus canker/2025_12_21_IMG (518).JPG,dataset/val/Citrus canker/2025_12_21_IMG (520).JPG,Citrus canker,Citrus canker,train,val,C,283.957394,,
pair_1b0dbfc339905a9b9061,dataset/train/Citrus canker/2025_12_21_IMG (435).JPG,dataset/val/Citrus canker/2025_12_21_IMG (436).JPG,Citrus canker,Citrus canker,train,val,C,283.954379,,
pair_2b3b30351e8b3e5358a0,dataset/train/Algal leaf spot/2025_12_21_IMG (45).JPG,dataset/val/Algal leaf spot/2025_12_21_IMG (44).JPG,Algal leaf spot,Algal leaf spot,train,val,C,283.785785,,
pair_7a9dec3d8266e6253ea3,dataset/train/Healthy leaf/2025_11_21_IMG (262).JPG,dataset/val/Healthy leaf/2025_11_21_IMG (261).JPG,Healthy leaf,Healthy leaf,train,val,C,283.75668,,
pair_50c5080e340a49787b02,dataset/train/Healthy leaf/2025_11_21_IMG (255).JPG,dataset/val/Healthy leaf/2025_11_21_IMG (257).JPG,Healthy leaf,Healthy leaf,train,val,C,283.719839,,
pair_2434c42f7afc6717e1a7,dataset/train/Citrus canker/2025_12_21_IMG (538).JPG,dataset/val/Citrus canker/2025_12_21_IMG (537).JPG,Citrus canker,Citrus canker,train,val,C,283.694639,,
pair_c8fae2dc9ba63d8e2038,dataset/train/Healthy leaf/2025_11_21_IMG (185).JPG,dataset/val/Healthy leaf/2025_11_21_IMG (183).JPG,Healthy leaf,Healthy leaf,train,val,C,283.670983,,
pair_ce0a1515010d19fa95d0,dataset/train/Greening/2025_12_21_IMG (13).JPG,dataset/val/Greening/2025_12_21_IMG (12).JPG,Greening,Greening,train,val,C,283.587354,,
pair_cf05312c051334e190af,dataset/train/Healthy leaf/2025_11_21_IMG (252).JPG,dataset/val/Healthy leaf/2025_11_21_IMG (251).JPG,Healthy leaf,Healthy leaf,train,val,C,283.539634,,
pair_b160f36a53976501c414,dataset/train/Algal leaf spot/2025_12_21_IMG (148).JPG,dataset/val/Algal leaf spot/2025_12_21_IMG (147).JPG,Algal leaf spot,Algal leaf spot,train,val,C,283.464744,,
pair_5ac6903b4b95c28ad862,dataset/train/Citrus canker/2025_12_21_IMG (405).JPG,dataset/val/Citrus canker/2025_12_21_IMG (406).JPG,Citrus canker,Citrus canker,train,val,C,283.436042,,
pair_95b23192f6153f63bc6c,dataset/train/Healthy leaf/2025_11_21_IMG (44).JPG,dataset/val/Healthy leaf/2025_11_21_IMG (42).JPG,Healthy leaf,Healthy leaf,train,val,C,283.435343,,
pair_5056b6beaf6f684f3de6,dataset/train/Healthy leaf/2025_11_21_IMG (278).JPG,dataset/val/Healthy leaf/2025_11_21_IMG (277).JPG,Healthy leaf,Healthy leaf,train,val,C,283.400905,,
pair_665f78dd39ec728cb7ba,dataset/train/Black spot/2025_12_20_IMG (129).JPG,dataset/val/Black spot/2025_12_20_IMG (130).JPG,Black spot,Black spot,train,val,C,283.390709,,
pair_6191d373f00d20f88853,dataset/train/Greening/2025_12_21_IMG (250).JPG,dataset/val/Greening/2025_12_21_IMG (249).JPG,Greening,Greening,train,val,C,283.249852,,
pair_2487b01250e9b680ba39,dataset/train/Healthy leaf/2025_11_21_IMG (276).JPG,dataset/val/Healthy leaf/2025_11_21_IMG (277).JPG,Healthy leaf,Healthy leaf,train,val,C,283.195539,,
pair_8cf7fbfe70087880b1ac,dataset/train/Black spot/2025_12_20_IMG (189).JPG,dataset/val/Black spot/2025_12_20_IMG (188).JPG,Black spot,Black spot,train,val,C,283.192743,,
pair_63ebe6a53edcdadf3835,dataset/train/Healthy leaf/2025_11_21_IMG (153).JPG,dataset/val/Healthy leaf/2025_11_21_IMG (151).JPG,Healthy leaf,Healthy leaf,train,val,C,283.190389,,
pair_d73b7f9c9162830caa9b,dataset/train/Healthy leaf/2025_11_21_IMG (43).JPG,dataset/val/Healthy leaf/2025_11_21_IMG (45).JPG,Healthy leaf,Healthy leaf,train,val,C,283.163991,,
pair_33b21bcc89350e7d5b5e,dataset/train/Black spot/2025_12_20_IMG (187).JPG,dataset/val/Black spot/2025_12_20_IMG (188).JPG,Black spot,Black spot,train,val,C,283.06105,,
pair_12ba1fa5dba8aeb350fd,dataset/train/Citrus canker/2025_12_21_IMG (422).JPG,dataset/val/Citrus canker/2025_12_21_IMG (421).JPG,Citrus canker,Citrus canker,train,val,C,283.059539,,
pair_4d3130cd7ef221825ef7,dataset/train/Algal leaf spot/2025_12_21_IMG (96).JPG,dataset/val/Algal leaf spot/2025_12_21_IMG (94).JPG,Algal leaf spot,Algal leaf spot,train,val,C,282.965465,,
pair_b6ecf0969cd6a1a39439,dataset/train/Black spot/2025_12_20_IMG (132).JPG,dataset/val/Black spot/2025_12_20_IMG (131).JPG,Black spot,Black spot,train,val,C,282.879258,,
pair_293586a493b3db2ffdd4,dataset/train/Black spot/2025_12_20_IMG (107).JPG,dataset/val/Black spot/2025_12_20_IMG (106).JPG,Black spot,Black spot,train,val,C,282.794499,,
pair_ad73b886aab7a5d4358a,dataset/train/Algal leaf spot/2025_12_21_IMG (95).JPG,dataset/val/Algal leaf spot/2025_12_21_IMG (94).JPG,Algal leaf spot,Algal leaf spot,train,val,C,282.730161,,
pair_968ff66cec0de471ebb3,dataset/train/Algal leaf spot/2025_12_21_IMG (128).JPG,dataset/val/Algal leaf spot/2025_12_21_IMG (130).JPG,Algal leaf spot,Algal leaf spot,train,val,C,282.702962,,
pair_124f4df2310e285af765,dataset/train/Algal leaf spot/2025_12_21_IMG (255).JPG,dataset/val/Algal leaf spot/2025_12_21_IMG (257).JPG,Algal leaf spot,Algal leaf spot,train,val,C,282.609498,,
pair_cc638b3c3a8e718aba56,dataset/train/Black spot/2025_12_20_IMG (275).JPG,dataset/val/Black spot/2025_12_20_IMG (276).JPG,Black spot,Black spot,train,val,C,282.571736,,
pair_d8dea3679da221ac6d4a,dataset/train/Greening/2025_12_21_IMG (28).JPG,dataset/val/Greening/2025_12_21_IMG (27).JPG,Greening,Greening,train,val,C,282.48574,,
pair_f23044ef51af4d430d33,dataset/train/Algal leaf spot/2025_12_21_IMG (204).JPG,dataset/val/Algal leaf spot/2025_12_21_IMG (205).JPG,Algal leaf spot,Algal leaf spot,train,val,C,282.466134,,
pair_b92f4a2976c03c64ef16,dataset/train/Greening/2025_12_21_IMG (251).JPG,dataset/val/Greening/2025_12_21_IMG (249).JPG,Greening,Greening,train,val,C,282.392432,,
pair_93542518b30d6d444f6e,dataset/train/Healthy leaf/2025_11_21_IMG (262).JPG,dataset/val/Healthy leaf/2025_11_21_IMG (260).JPG,Healthy leaf,Healthy leaf,train,val,C,282.288744,,
pair_a9da953fbbd9505475b8,dataset/train/Algal leaf spot/2025_12_21_IMG (85).JPG,dataset/val/Algal leaf spot/2025_12_21_IMG (86).JPG,Algal leaf spot,Algal leaf spot,train,val,C,282.249594,,
pair_da41b434f6e8458e39bc,dataset/train/Algal leaf spot/2025_12_21_IMG (268).JPG,dataset/val/Algal leaf spot/2025_12_21_IMG (267).JPG,Algal leaf spot,Algal leaf spot,train,val,C,282.230486,,
pair_633d6382d76c42f07a39,dataset/train/Greening/2025_12_21_IMG (243).JPG,dataset/val/Greening/2025_12_21_IMG (244).JPG,Greening,Greening,train,val,C,282.027282,,
pair_b041a6056c88ee851b80,dataset/train/Algal leaf spot/2025_12_21_IMG (46).JPG,dataset/val/Algal leaf spot/2025_12_21_IMG (44).JPG,Algal leaf spot,Algal leaf spot,train,val,C,281.973542,,
pair_b737440d980fdf704336,dataset/train/Healthy leaf/2025_11_21_IMG (250).JPG,dataset/val/Healthy leaf/2025_11_21_IMG (251).JPG,Healthy leaf,Healthy leaf,train,val,C,281.972709,,
pair_e5f298eb40512cef234b,dataset/train/Black spot/2025_12_20_IMG (247).JPG,dataset/val/Black spot/2025_12_20_IMG (246).JPG,Black spot,Black spot,train,val,C,281.908563,,
pair_bad7f94e73017948af21,dataset/train/Healthy leaf/2025_11_21_IMG (188).JPG,dataset/val/Healthy leaf/2025_11_21_IMG (187).JPG,Healthy leaf,Healthy leaf,train,val,C,281.717224,,
pair_41058b5ad3eb2faf1014,dataset/train/Citrus canker/2025_12_21_IMG (557).JPG,dataset/val/Citrus canker/2025_12_21_IMG (558).JPG,Citrus canker,Citrus canker,train,val,C,281.657597,,
pair_2e484a2bf54bb7be68af,dataset/train/Citrus pest/2025_12_20_IMG (396).JPG,dataset/val/Citrus pest/2025_12_20_IMG (398).JPG,Citrus pest,Citrus pest,train,val,C,281.59747,,
pair_66b6c5b9e7b90e7bb0a2,dataset/train/Algal leaf spot/2025_12_21_IMG (127).JPG,dataset/val/Algal leaf spot/2025_12_21_IMG (130).JPG,Algal leaf spot,Algal leaf spot,train,val,C,281.343576,,
pair_257187535fd000870fa7,dataset/train/Citrus canker/2025_12_21_IMG (521).JPG,dataset/val/Citrus canker/2025_12_21_IMG (519).JPG,Citrus canker,Citrus canker,train,val,C,281.163762,,
pair_9cbf7d7b68863e57a0ed,dataset/train/Healthy leaf/2025_11_21_IMG (252).JPG,dataset/val/Healthy leaf/2025_11_21_IMG (257).JPG,Healthy leaf,Healthy leaf,train,val,C,281.144999,,
pair_95a0921d2fb5da515633,dataset/train/Citrus canker/2025_12_21_IMG (353).JPG,dataset/val/Citrus canker/2025_12_21_IMG (350).JPG,Citrus canker,Citrus canker,train,val,C,280.950517,,
pair_3336d2cd36c1ab27628b,dataset/train/Citrus canker/2025_12_21_IMG (525).JPG,dataset/val/Citrus canker/2025_12_21_IMG (526).JPG,Citrus canker,Citrus canker,train,val,C,280.907299,,
pair_48004b2da79fae95d99c,dataset/train/Greening/2025_12_21_IMG (14).JPG,dataset/val/Greening/2025_12_21_IMG (12).JPG,Greening,Greening,train,val,C,280.802284,,
pair_a23ad1df3cb8082c1bfb,dataset/train/Algal leaf spot/2025_12_21_IMG (281).JPG,dataset/val/Algal leaf spot/2025_12_21_IMG (278).JPG,Algal leaf spot,Algal leaf spot,train,val,C,280.753576,,
pair_aa67273699eb25228038,dataset/train/Healthy leaf/2025_11_21_IMG (300).JPG,dataset/val/Healthy leaf/2025_11_21_IMG (299).JPG,Healthy leaf,Healthy leaf,train,val,C,280.717013,,
pair_ae7c253e8238b1cf7964,dataset/train/Algal leaf spot/2025_12_21_IMG (241).JPG,dataset/val/Algal leaf spot/2025_12_21_IMG (239).JPG,Algal leaf spot,Algal leaf spot,train,val,C,280.036331,,
pair_3dc730403c055a27cade,dataset/train/Algal leaf spot/2025_12_21_IMG (152).JPG,dataset/val/Algal leaf spot/2025_12_21_IMG (151).JPG,Algal leaf spot,Algal leaf spot,train,val,C,279.84634,,
pair_4d34e8496a9cd66abe28,dataset/train/Healthy leaf/2025_11_21_IMG (281).JPG,dataset/val/Healthy leaf/2025_11_21_IMG (277).JPG,Healthy leaf,Healthy leaf,train,val,C,279.615422,,
pair_dad925fec2cde936df0f,dataset/train/Healthy leaf/2025_11_21_IMG (255).JPG,dataset/val/Healthy leaf/2025_11_21_IMG (251).JPG,Healthy leaf,Healthy leaf,train,val,C,278.633306,,
pair_fa59acec8f209c62c622,dataset/train/Healthy leaf/2025_11_21_IMG (282).JPG,dataset/val/Healthy leaf/2025_11_21_IMG (277).JPG,Healthy leaf,Healthy leaf,train,val,C,278.615422,,
pair_eed9dc2487e4b35deba6,dataset/train/Algal leaf spot/2025_12_21_IMG (126).JPG,dataset/val/Algal leaf spot/2025_12_21_IMG (130).JPG,Algal leaf spot,Algal leaf spot,train,val,C,278.17666,,
pair_ac6a5e55db1e8cadd9a3,dataset/train/Algal leaf spot/2025_12_21_IMG (186).JPG,dataset/val/Algal leaf spot/2025_12_21_IMG (187).JPG,Algal leaf spot,Algal leaf spot,train,val,D,276.693733,,
pair_f9bbe80711e2c954b049,dataset/train/Black spot/2025_12_20_IMG (46).JPG,dataset/val/Black spot/2025_12_20_IMG (45).JPG,Black spot,Black spot,train,val,D,276.337958,,
pair_b7b3d0e3b875c9cbb76c,dataset/train/Algal leaf spot/2025_12_21_IMG (222).JPG,dataset/val/Algal leaf spot/2025_12_21_IMG (221).JPG,Algal leaf spot,Algal leaf spot,train,val,D,276.223882,,
pair_4d6e8a80165a4852b467,dataset/train/Citrus pest/2025_12_20_IMG (195).JPG,dataset/val/Citrus pest/2025_12_20_IMG (196).JPG,Citrus pest,Citrus pest,train,val,D,276.029,,
pair_5085d8bd8bd17975c970,dataset/train/Black spot/2025_12_20_IMG (202).JPG,dataset/val/Black spot/2025_12_20_IMG (203).JPG,Black spot,Black spot,train,val,D,275.737372,,
pair_179fbab79a97c24f6f4a,dataset/train/Black spot/2025_12_20_IMG (307).JPG,dataset/val/Black spot/2025_12_20_IMG (308).JPG,Black spot,Black spot,train,val,D,275.310871,,
pair_02a2aff5f02444e9b876,dataset/train/Citrus pest/2025_12_20_IMG (344).JPG,dataset/val/Citrus pest/2025_12_20_IMG (343).JPG,Citrus pest,Citrus pest,train,val,D,275.01278,,
pair_a149de50024950c3a4d4,dataset/train/Citrus pest/2025_12_20_IMG (335).JPG,dataset/val/Citrus pest/2025_12_20_IMG (336).JPG,Citrus pest,Citrus pest,train,val,D,274.870864,,
pair_74df06c547cdd26f0dd4,dataset/train/Algal leaf spot/2025_12_21_IMG (185).JPG,dataset/val/Algal leaf spot/2025_12_21_IMG (184).JPG,Algal leaf spot,Algal leaf spot,train,val,D,274.810718,,
pair_457785f8cc3cc8dcda62,dataset/train/Citrus canker/2025_12_21_IMG (530).JPG,dataset/val/Citrus canker/2025_12_21_IMG (531).JPG,Citrus canker,Citrus canker,train,val,D,274.674792,,
pair_828cb683afe2e1f07884,dataset/train/Black spot/2025_12_20_IMG (277).JPG,dataset/val/Black spot/2025_12_20_IMG (278).JPG,Black spot,Black spot,train,val,D,274.649777,,
pair_6bbd1ab25fe31f7c2716,dataset/train/Algal leaf spot/2025_12_21_IMG (290).JPG,dataset/val/Algal leaf spot/2025_12_21_IMG (291).JPG,Algal leaf spot,Algal leaf spot,train,val,D,274.528547,,
pair_eefa65bf16653310e64a,dataset/train/Algal leaf spot/2025_12_21_IMG (290).JPG,dataset/val/Algal leaf spot/2025_12_21_IMG (289).JPG,Algal leaf spot,Algal leaf spot,train,val,D,274.439576,,
pair_66edbd8a287a2eb2c462,dataset/train/Citrus pest/2025_12_20_IMG (194).JPG,dataset/val/Citrus pest/2025_12_20_IMG (196).JPG,Citrus pest,Citrus pest,train,val,D,274.407091,,
pair_077aed3c0616a0d522df,dataset/train/Algal leaf spot/2025_12_21_IMG (288).JPG,dataset/val/Algal leaf spot/2025_12_21_IMG (289).JPG,Algal leaf spot,Algal leaf spot,train,val,D,274.39202,,
pair_231164e8f2fe65cee2df,dataset/train/Black spot/2025_12_20_IMG (231).JPG,dataset/val/Black spot/2025_12_20_IMG (232).JPG,Black spot,Black spot,train,val,D,274.391562,,
pair_cfe19a35c102565274d8,dataset/train/Algal leaf spot/2025_12_21_IMG (202).JPG,dataset/val/Algal leaf spot/2025_12_21_IMG (203).JPG,Algal leaf spot,Algal leaf spot,train,val,D,274.288688,,
pair_9afac55438a7006ccadb,dataset/train/Algal leaf spot/2025_12_21_IMG (207).JPG,dataset/val/Algal leaf spot/2025_12_21_IMG (205).JPG,Algal leaf spot,Algal leaf spot,train,val,D,274.288563,,
pair_55022217692f7b3c6d07,dataset/train/Algal leaf spot/2025_12_21_IMG (176).JPG,dataset/val/Algal leaf spot/2025_12_21_IMG (174).JPG,Algal leaf spot,Algal leaf spot,train,val,D,274.285452,,
pair_469e0ed5d3bc143c5fba,dataset/train/Healthy leaf/2025_11_21_IMG (116).JPG,dataset/val/Healthy leaf/2025_11_21_IMG (115).JPG,Healthy leaf,Healthy leaf,train,val,D,273.944258,,
pair_b188883356a4ce29dbc3,dataset/train/Black spot/2025_12_20_IMG (144).JPG,dataset/val/Black spot/2025_12_20_IMG (145).JPG,Black spot,Black spot,train,val,D,273.718281,,
pair_c2b0d522e1b130da9bd4,dataset/train/Citrus canker/2025_12_21_IMG (351).JPG,dataset/val/Citrus canker/2025_12_21_IMG (350).JPG,Citrus canker,Citrus canker,train,val,D,273.312112,,
pair_9a226d52f3cfa18102ec,dataset/train/Algal leaf spot/2025_12_21_IMG (5).JPG,dataset/val/Algal leaf spot/2025_12_21_IMG (6).JPG,Algal leaf spot,Algal leaf spot,train,val,D,273.170667,,
pair_3f82b45b8130db5dffcf,dataset/train/Citrus pest/2025_12_20_IMG (342).JPG,dataset/val/Citrus pest/2025_12_20_IMG (343).JPG,Citrus pest,Citrus pest,train,val,D,273.11937,,
pair_49cbaceaa693885f27b4,dataset/train/Citrus pest/2025_12_20_IMG (71).JPG,dataset/val/Citrus pest/2025_12_20_IMG (70).JPG,Citrus pest,Citrus pest,train,val,D,273.096037,,
pair_d4b7f84f62fc9d797f48,dataset/train/Black spot/2025_12_20_IMG (5).JPG,dataset/val/Black spot/2025_12_20_IMG (7).JPG,Black spot,Black spot,train,val,D,272.931142,,
pair_2c87c31965081a613956,dataset/train/Citrus canker/2025_12_21_IMG (458).JPG,dataset/val/Citrus canker/2025_12_21_IMG (457).JPG,Citrus canker,Citrus canker,train,val,D,272.881631,,
pair_57e3bc59a952bc6cad71,dataset/train/Citrus canker/2025_12_21_IMG (486).JPG,dataset/val/Citrus canker/2025_12_21_IMG (487).JPG,Citrus canker,Citrus canker,train,val,D,272.515543,,
pair_c3cb84bb443ffef39066,dataset/train/Algal leaf spot/2025_12_21_IMG (114).JPG,dataset/val/Algal leaf spot/2025_12_21_IMG (115).JPG,Algal leaf spot,Algal leaf spot,train,val,D,272.454125,,
pair_de13f84fe62dff698fe3,dataset/train/Algal leaf spot/2025_12_21_IMG (208).JPG,dataset/val/Algal leaf spot/2025_12_21_IMG (205).JPG,Algal leaf spot,Algal leaf spot,train,val,D,272.398168,,
pair_04adf0b89aed07ecefb4,dataset/train/Black spot/2025_12_20_IMG (307).JPG,dataset/val/Black spot/2025_12_20_IMG (309).JPG,Black spot,Black spot,train,val,D,272.247356,,
pair_1e7bc1fe33e832211b00,dataset/train/Citrus canker/2025_12_21_IMG (433).JPG,dataset/val/Citrus canker/2025_12_21_IMG (434).JPG,Citrus canker,Citrus canker,train,val,D,272.153736,,
pair_bec1466d986494e1682e,dataset/train/Citrus pest/2025_12_20_IMG (337).JPG,dataset/val/Citrus pest/2025_12_20_IMG (339).JPG,Citrus pest,Citrus pest,train,val,D,272.068724,,
pair_d0f152a2d611bac53243,dataset/train/Black spot/2025_12_20_IMG (13).JPG,dataset/val/Black spot/2025_12_20_IMG (15).JPG,Black spot,Black spot,train,val,D,271.904916,,
pair_161f0f7912a0db961723,dataset/train/Citrus canker/2025_12_21_IMG (390).JPG,dataset/val/Citrus canker/2025_12_21_IMG (391).JPG,Citrus canker,Citrus canker,train,val,D,271.80428,,
pair_b25bb1921eda8582dbe0,dataset/train/Black spot/2025_12_20_IMG (147).JPG,dataset/val/Black spot/2025_12_20_IMG (148).JPG,Black spot,Black spot,train,val,D,271.709161,,
pair_097b33178a68d48b5a6c,dataset/train/Black spot/2025_12_20_IMG (299).JPG,dataset/val/Black spot/2025_12_20_IMG (300).JPG,Black spot,Black spot,train,val,D,271.614541,,
pair_c82034006a0ff2e307e7,dataset/train/Citrus canker/2025_12_21_IMG (521).JPG,dataset/val/Citrus canker/2025_12_21_IMG (520).JPG,Citrus canker,Citrus canker,train,val,D,271.430218,,
pair_51a914a21e1297461475,dataset/train/Healthy leaf/2025_11_21_IMG (116).JPG,dataset/val/Healthy leaf/2025_11_21_IMG (114).JPG,Healthy leaf,Healthy leaf,train,val,D,271.386524,,
pair_c66f31952b551a1f2132,dataset/train/Greening/2025_12_21_IMG (52).JPG,dataset/val/Greening/2025_12_21_IMG (51).JPG,Greening,Greening,train,val,D,271.340166,,
pair_55d63031f24795128606,dataset/train/Citrus canker/2025_12_21_IMG (341).JPG,dataset/val/Citrus canker/2025_12_21_IMG (340).JPG,Citrus canker,Citrus canker,train,val,D,271.112904,,
pair_b72b662a3160b22340b9,dataset/train/Black spot/2025_12_20_IMG (42).JPG,dataset/val/Black spot/2025_12_20_IMG (41).JPG,Black spot,Black spot,train,val,D,271.052012,,
pair_0ed6f55ebb552d1ff2a5,dataset/train/Healthy leaf/2025_11_21_IMG (179).JPG,dataset/val/Healthy leaf/2025_11_21_IMG (180).JPG,Healthy leaf,Healthy leaf,train,val,D,270.886147,,
pair_45e3d628dcb606a457a2,dataset/train/Healthy leaf/2025_11_21_IMG (181).JPG,dataset/val/Healthy leaf/2025_11_21_IMG (180).JPG,Healthy leaf,Healthy leaf,train,val,D,270.771285,,
pair_4ece0a39165306a5def2,dataset/train/Black spot/2025_12_20_IMG (286).JPG,dataset/val/Black spot/2025_12_20_IMG (285).JPG,Black spot,Black spot,train,val,D,270.693276,,
pair_4751c37ed5d475f64ee9,dataset/train/Citrus pest/2025_12_20_IMG (319).JPG,dataset/val/Citrus pest/2025_12_20_IMG (318).JPG,Citrus pest,Citrus pest,train,val,D,270.689611,,
pair_75f39fbc17aa0858419c,dataset/train/Citrus pest/2025_12_20_IMG (365).JPG,dataset/val/Citrus pest/2025_12_20_IMG (366).JPG,Citrus pest,Citrus pest,train,val,D,270.638888,,
pair_7c615ff4d5c5d5924034,dataset/train/Greening/2025_12_21_IMG (283).JPG,dataset/val/Greening/2025_12_21_IMG (284).JPG,Greening,Greening,train,val,D,270.504296,,
pair_6ec3d4c4744555f02692,dataset/train/Citrus canker/2025_12_21_IMG (463).JPG,dataset/val/Citrus canker/2025_12_21_IMG (462).JPG,Citrus canker,Citrus canker,train,val,D,270.471361,,
pair_52dc9efb1e62a82eed71,dataset/train/Healthy leaf/2025_11_21_IMG (263).JPG,dataset/val/Healthy leaf/2025_11_21_IMG (261).JPG,Healthy leaf,Healthy leaf,train,val,D,270.447739,,
pair_e7d132cf2e3cf239bb92,dataset/train/Citrus pest/2025_12_20_IMG (214).JPG,dataset/val/Citrus pest/2025_12_20_IMG (213).JPG,Citrus pest,Citrus pest,train,val,D,270.422827,,
pair_999701bd69f107d7cfd7,dataset/train/Healthy leaf/2025_11_21_IMG (7).JPG,dataset/val/Healthy leaf/2025_11_21_IMG (4).JPG,Healthy leaf,Healthy leaf,train,val,D,270.397439,,
pair_1a3a5132a0a553dc8daa,dataset/train/Healthy leaf/2025_11_21_IMG (178).JPG,dataset/val/Healthy leaf/2025_11_21_IMG (180).JPG,Healthy leaf,Healthy leaf,train,val,D,270.337253,,
pair_7f6933d1619c85c6d4db,dataset/train/Healthy leaf/2025_11_21_IMG (5).JPG,dataset/val/Healthy leaf/2025_11_21_IMG (4).JPG,Healthy leaf,Healthy leaf,train,val,D,270.279598,,
pair_509aab8e14a1884e2d4c,dataset/train/Algal leaf spot/2025_12_21_IMG (179).JPG,dataset/val/Algal leaf spot/2025_12_21_IMG (180).JPG,Algal leaf spot,Algal leaf spot,train,val,D,270.197623,,
pair_6c9f5fa49d00e17ff41e,dataset/train/Healthy leaf/2025_11_21_IMG (297).JPG,dataset/val/Healthy leaf/2025_11_21_IMG (296).JPG,Healthy leaf,Healthy leaf,train,val,D,270.117487,,
pair_45b68bf1a65f1905e04f,dataset/train/Black spot/2025_12_20_IMG (192).JPG,dataset/val/Black spot/2025_12_20_IMG (191).JPG,Black spot,Black spot,train,val,D,270.044553,,
pair_a337c115ed20c005988a,dataset/train/Greening/2025_12_21_IMG (282).JPG,dataset/val/Greening/2025_12_21_IMG (281).JPG,Greening,Greening,train,val,D,270.018723,,
pair_61e037dfd0f02e87823f,dataset/train/Greening/2025_12_21_IMG (252).JPG,dataset/val/Greening/2025_12_21_IMG (249).JPG,Greening,Greening,train,val,D,269.924531,,
pair_0c5fddbfe5c6374a3b97,dataset/train/Black spot/2025_12_20_IMG (54).JPG,dataset/val/Black spot/2025_12_20_IMG (55).JPG,Black spot,Black spot,train,val,D,269.815252,,
pair_b108b70803f4c762836a,dataset/train/Greening/2025_12_21_IMG (285).JPG,dataset/val/Greening/2025_12_21_IMG (284).JPG,Greening,Greening,train,val,D,269.808024,,
pair_323a8b36237cd91a6d53,dataset/train/Algal leaf spot/2025_12_21_IMG (277).JPG,dataset/val/Algal leaf spot/2025_12_21_IMG (276).JPG,Algal leaf spot,Algal leaf spot,train,val,D,269.728333,,
pair_aa8d2894ef2c2169d854,dataset/train/Algal leaf spot/2025_12_21_IMG (288).JPG,dataset/val/Algal leaf spot/2025_12_21_IMG (291).JPG,Algal leaf spot,Algal leaf spot,train,val,D,269.616982,,
pair_0d9741edcbfc4626d9af,dataset/train/Black spot/2025_12_20_IMG (290).JPG,dataset/val/Black spot/2025_12_20_IMG (289).JPG,Black spot,Black spot,train,val,D,269.463163,,
pair_d56dda4c89b15cb749b2,dataset/train/Healthy leaf/2025_11_21_IMG (279).JPG,dataset/val/Healthy leaf/2025_11_21_IMG (277).JPG,Healthy leaf,Healthy leaf,train,val,D,269.441066,,
pair_0887b825f3fbe71616fd,dataset/train/Healthy leaf/2025_11_21_IMG (259).JPG,dataset/val/Healthy leaf/2025_11_21_IMG (260).JPG,Healthy leaf,Healthy leaf,train,val,D,269.386419,,
pair_395baceff17931c4e415,dataset/train/Citrus canker/2025_12_21_IMG (459).JPG,dataset/val/Citrus canker/2025_12_21_IMG (457).JPG,Citrus canker,Citrus canker,train,val,D,269.268779,,
pair_5825a8df75681a3532e7,dataset/train/Citrus canker/2025_12_21_IMG (343).JPG,dataset/val/Citrus canker/2025_12_21_IMG (340).JPG,Citrus canker,Citrus canker,train,val,D,269.200719,,
pair_9eb0ee0eec75d13dd3c5,dataset/train/Healthy leaf/2025_11_21_IMG (269).JPG,dataset/val/Healthy leaf/2025_11_21_IMG (267).JPG,Healthy leaf,Healthy leaf,train,val,D,269.186086,,
pair_f11f57af3d31018471cb,dataset/train/Citrus canker/2025_12_21_IMG (389).JPG,dataset/val/Citrus canker/2025_12_21_IMG (391).JPG,Citrus canker,Citrus canker,train,val,D,269.067127,,
pair_ace08ade53b6d4451f9d,dataset/train/Greening/2025_12_21_IMG (8).JPG,dataset/val/Greening/2025_12_21_IMG (7).JPG,Greening,Greening,train,val,D,268.954318,,
pair_6c462ad85f9de7ad8d20,dataset/train/Algal leaf spot/2025_12_21_IMG (55).JPG,dataset/val/Algal leaf spot/2025_12_21_IMG (54).JPG,Algal leaf spot,Algal leaf spot,train,val,D,268.924071,,
pair_f20cb0410383cb2b0ae6,dataset/train/Healthy leaf/2025_11_21_IMG (270).JPG,dataset/val/Healthy leaf/2025_11_21_IMG (267).JPG,Healthy leaf,Healthy leaf,train,val,D,268.844951,,
pair_c5af1faed0f0f19317b5,dataset/train/Healthy leaf/2025_11_21_IMG (263).JPG,dataset/val/Healthy leaf/2025_11_21_IMG (260).JPG,Healthy leaf,Healthy leaf,train,val,D,268.761177,,
pair_b75ccc5d25ee75ff0c88,dataset/train/Algal leaf spot/2025_12_21_IMG (261).JPG,dataset/val/Algal leaf spot/2025_12_21_IMG (260).JPG,Algal leaf spot,Algal leaf spot,train,val,D,268.595191,,
pair_1d4401a1cb0ca7c531cc,dataset/train/Healthy leaf/2025_11_21_IMG (268).JPG,dataset/val/Healthy leaf/2025_11_21_IMG (267).JPG,Healthy leaf,Healthy leaf,train,val,D,268.443906,,
pair_f615ff6690b2e1b63bba,dataset/train/Algal leaf spot/2025_12_21_IMG (247).JPG,dataset/val/Algal leaf spot/2025_12_21_IMG (248).JPG,Algal leaf spot,Algal leaf spot,train,val,D,268.330104,,
pair_ea1d4e63769bb69f1cbd,dataset/train/Algal leaf spot/2025_12_21_IMG (240).JPG,dataset/val/Algal leaf spot/2025_12_21_IMG (239).JPG,Algal leaf spot,Algal leaf spot,train,val,D,268.184823,,
pair_ae4074795be58a059f59,dataset/train/Black spot/2025_12_20_IMG (25).JPG,dataset/val/Black spot/2025_12_20_IMG (196).JPG,Black spot,Black spot,train,val,D,268.053652,,
pair_587bf6ab7be59a338965,dataset/train/Citrus canker/2025_12_21_IMG (566).JPG,dataset/val/Citrus canker/2025_12_21_IMG (565).JPG,Citrus canker,Citrus canker,train,val,D,267.948896,,
pair_ac8b1ba87464e7f85b33,dataset/train/Algal leaf spot/2025_12_21_IMG (69).JPG,dataset/val/Algal leaf spot/2025_12_21_IMG (68).JPG,Algal leaf spot,Algal leaf spot,train,val,D,267.88635,,
pair_cdcae3746997f6828234,dataset/train/Black spot/2025_12_20_IMG (109).JPG,dataset/val/Black spot/2025_12_20_IMG (106).JPG,Black spot,Black spot,train,val,D,267.821086,,
pair_1a6d0d6e980b68f17ac7,dataset/train/Healthy leaf/2025_11_21_IMG (280).JPG,dataset/val/Healthy leaf/2025_11_21_IMG (277).JPG,Healthy leaf,Healthy leaf,train,val,D,267.710798,,
pair_5636cdcf5f57a60ef888,dataset/train/Citrus pest/2025_12_20_IMG (235).JPG,dataset/val/Citrus pest/2025_12_20_IMG (232).JPG,Citrus pest,Citrus pest,train,val,D,267.68133,,
pair_f3aafc290bc57d39ce42,dataset/train/Citrus canker/2025_12_21_IMG (516).JPG,dataset/val/Citrus canker/2025_12_21_IMG (517).JPG,Citrus canker,Citrus canker,train,val,D,267.648775,,
pair_445a0f7690093d6afb70,dataset/train/Algal leaf spot/2025_12_21_IMG (14).JPG,dataset/val/Algal leaf spot/2025_12_21_IMG (15).JPG,Algal leaf spot,Algal leaf spot,train,val,D,267.584387,,
pair_00df8f69c2d2cb3e7ad9,dataset/train/Healthy leaf/2025_11_21_IMG (265).JPG,dataset/val/Healthy leaf/2025_11_21_IMG (261).JPG,Healthy leaf,Healthy leaf,train,val,D,267.566172,,
pair_faf4bff5e4686d06eb45,dataset/train/Greening/2025_12_21_IMG (286).JPG,dataset/val/Greening/2025_12_21_IMG (284).JPG,Greening,Greening,train,val,D,267.503854,,
pair_734855891135c949c3ff,dataset/train/Healthy leaf/2025_11_21_IMG (222).JPG,dataset/val/Healthy leaf/2025_11_21_IMG (221).JPG,Healthy leaf,Healthy leaf,train,val,D,267.431168,,
pair_fe62a65e519beed1cbb2,dataset/train/Algal leaf spot/2025_12_21_IMG (144).JPG,dataset/val/Algal leaf spot/2025_12_21_IMG (145).JPG,Algal leaf spot,Algal leaf spot,train,val,D,267.389998,,
pair_b3b009b8b06833f7c41c,dataset/train/Algal leaf spot/2025_12_21_IMG (270).JPG,dataset/val/Algal leaf spot/2025_12_21_IMG (267).JPG,Algal leaf spot,Algal leaf spot,train,val,D,267.368885,,
pair_6a800c615088bd8c3d50,dataset/train/Greening/2025_12_21_IMG (96).JPG,dataset/val/Greening/2025_12_21_IMG (95).JPG,Greening,Greening,train,val,D,267.174006,,
pair_8b0d4569d57d3b131d6e,dataset/train/Black spot/2025_12_20_IMG (43).JPG,dataset/val/Black spot/2025_12_20_IMG (44).JPG,Black spot,Black spot,train,val,D,267.163953,,
pair_9bb8b53d212c2df3cc36,dataset/train/Citrus pest/2025_12_20_IMG (259).JPG,dataset/val/Citrus pest/2025_12_20_IMG (258).JPG,Citrus pest,Citrus pest,train,val,D,267.034661,,
pair_0575cdf539066452befb,dataset/train/Black spot/2025_12_20_IMG (24).JPG,dataset/val/Black spot/2025_12_20_IMG (196).JPG,Black spot,Black spot,train,val,D,267.033048,,
pair_ec7f1b8ca16befb25e06,dataset/train/Greening/2025_12_21_IMG (261).JPG,dataset/val/Greening/2025_12_21_IMG (262).JPG,Greening,Greening,train,val,D,266.869001,,
pair_b9a39cdee8d1921c1aed,dataset/train/Algal leaf spot/2025_12_21_IMG (125).JPG,dataset/val/Algal leaf spot/2025_12_21_IMG (130).JPG,Algal leaf spot,Algal leaf spot,train,val,D,266.755207,,
pair_12578d514ead7c3758be,dataset/train/Citrus canker/2025_12_21_IMG (551).JPG,dataset/val/Citrus canker/2025_12_21_IMG (550).JPG,Citrus canker,Citrus canker,train,val,D,266.720486,,
pair_edf337def548aeb39086,dataset/train/Algal leaf spot/2025_12_21_IMG (75).JPG,dataset/val/Algal leaf spot/2025_12_21_IMG (74).JPG,Algal leaf spot,Algal leaf spot,train,val,D,266.719767,,
pair_e233689383da05b9ca5a,dataset/train/Citrus pest/2025_12_20_IMG (305).JPG,dataset/val/Citrus pest/2025_12_20_IMG (306).JPG,Citrus pest,Citrus pest,train,val,D,266.689718,,
pair_f6aa25809b8bea7023a7,dataset/train/Healthy leaf/2025_11_21_IMG (265).JPG,dataset/val/Healthy leaf/2025_11_21_IMG (260).JPG,Healthy leaf,Healthy leaf,train,val,D,266.659684,,
pair_02c7c878af72474ea066,dataset/train/Algal leaf spot/2025_12_21_IMG (75).JPG,dataset/val/Algal leaf spot/2025_12_21_IMG (73).JPG,Algal leaf spot,Algal leaf spot,train,val,D,266.48732,,
pair_45d70f8337a3cbc0d67f,dataset/train/Black spot/2025_12_20_IMG (108).JPG,dataset/val/Black spot/2025_12_20_IMG (106).JPG,Black spot,Black spot,train,val,D,266.432008,,
pair_19d9b38359f3f5180ffc,dataset/train/Black spot/2025_12_20_IMG (177).JPG,dataset/val/Black spot/2025_12_20_IMG (178).JPG,Black spot,Black spot,train,val,D,266.239604,,
pair_3c8cab705c499a30b007,dataset/train/Algal leaf spot/2025_12_21_IMG (124).JPG,dataset/val/Algal leaf spot/2025_12_21_IMG (130).JPG,Algal leaf spot,Algal leaf spot,train,val,D,266.187536,,
pair_90ed18127e243d7e138c,dataset/train/Citrus pest/2025_12_20_IMG (52).JPG,dataset/val/Citrus pest/2025_12_20_IMG (51).JPG,Citrus pest,Citrus pest,train,val,D,264.733557,,
pair_93fef8229505e9a0c644,dataset/train/Citrus canker/2025_12_21_IMG (508).JPG,dataset/val/Citrus canker/2025_12_21_IMG (391).JPG,Citrus canker,Citrus canker,train,val,D,264.62323,,
pair_1d2cb0c64629fced9993,dataset/train/Healthy leaf/2025_11_21_IMG (285).JPG,dataset/val/Healthy leaf/2025_11_21_IMG (267).JPG,Healthy leaf,Healthy leaf,train,val,D,263.731303,,
pair_044b774b99563ba51023,dataset/train/Algal leaf spot/2025_12_21_IMG (66).JPG,dataset/val/Algal leaf spot/2025_12_21_IMG (65).JPG,Algal leaf spot,Algal leaf spot,train,val,D,262.490986,,
pair_2a1182a035b65397dee7,dataset/train/Black spot/2025_12_20_IMG (173).JPG,dataset/val/Black spot/2025_12_20_IMG (191).JPG,Black spot,Black spot,train,val,D,262.265933,,
pair_575d329fcc737686d64d,dataset/train/Greening/2025_12_21_IMG (243).JPG,dataset/val/Greening/2025_12_21_IMG (249).JPG,Greening,Greening,train,val,D,261.281855,,
pair_e893d266cd29324797e7,dataset/train/Citrus pest/2025_12_20_IMG (307).JPG,dataset/val/Citrus pest/2025_12_20_IMG (306).JPG,Citrus pest,Citrus pest,train,val,D,261.248858,,
pair_0662c795d4de77ae2d63,dataset/train/Citrus pest/2025_12_20_IMG (274).JPG,dataset/val/Citrus pest/2025_12_20_IMG (275).JPG,Citrus pest,Citrus pest,train,val,D,260.971193,,
pair_da5d5600e08a27c3158a,dataset/train/Greening/2025_12_21_IMG (269).JPG,dataset/val/Greening/2025_12_21_IMG (270).JPG,Greening,Greening,train,val,D,259.908197,,
pair_9af1863e1b92a337839d,dataset/train/Citrus canker/2025_12_21_IMG (208).JPG,dataset/val/Black spot/2025_12_20_IMG (145).JPG,Citrus canker,Black spot,train,val,D,259.556334,,
pair_515575c7d474e98ea229,dataset/train/Greening/2025_12_21_IMG (268).JPG,dataset/val/Greening/2025_12_21_IMG (267).JPG,Greening,Greening,train,val,D,257.065586,,
pair_4ff2b5b3861dd037b047,dataset/train/Black spot/2025_12_20_IMG (326).JPG,dataset/val/Black spot/2025_12_20_IMG (327).JPG,Black spot,Black spot,train,val,D,256.427018,,
pair_3e0d5138e758a6cf5c20,dataset/train/Citrus canker/2025_12_21_IMG (461).JPG,dataset/val/Citrus canker/2025_12_21_IMG (462).JPG,Citrus canker,Citrus canker,train,val,D,255.197452,,
pair_82919692541692c93042,dataset/train/Healthy leaf/2025_11_21_IMG (210).JPG,dataset/val/Healthy leaf/2025_11_21_IMG (260).JPG,Healthy leaf,Healthy leaf,train,val,D,250.912068,,
pair_ee50cf62faea331b5e37,dataset/train/Healthy leaf/2025_11_21_IMG (210).JPG,dataset/val/Healthy leaf/2025_11_21_IMG (261).JPG,Healthy leaf,Healthy leaf,train,val,D,249.85219,,
pair_7e8b3238e58fa02836f8,dataset/train/Healthy leaf/2025_11_21_IMG (237).JPG,dataset/val/Greening/2025_12_21_IMG (27).JPG,Healthy leaf,Greening,train,val,D,243.95438,,
pair_22c7ab5b4f57d61ea118,dataset/train/Citrus canker/2025_12_21_IMG (401).JPG,dataset/val/Healthy leaf/2025_11_21_IMG (246).JPG,Citrus canker,Healthy leaf,train,val,D,242.329048,,
pair_4a106ed24980ad9f0329,dataset/train/Citrus canker/2025_12_21_IMG (401).JPG,dataset/val/Healthy leaf/2025_11_21_IMG (245).JPG,Citrus canker,Healthy leaf,train,val,D,241.964731,,
pair_795fdb3ca345e6dbf529,dataset/test/Healthy leaf/2025_11_21_IMG (135).JPG,dataset/val/Healthy leaf/2025_11_21_IMG (136).JPG,Healthy leaf,Healthy leaf,test,val,A,189,SAME_SOURCE,Auto-prefilled from very strong multi-metric similarity; same class/capture sequence. Requires spot-check.
pair_9e052a675ff59a6f924d,dataset/test/Healthy leaf/2025_11_21_IMG (256).JPG,dataset/val/Healthy leaf/2025_11_21_IMG (257).JPG,Healthy leaf,Healthy leaf,test,val,B,188.611481,SAME_SOURCE,Auto-prefilled from very strong multi-metric similarity; same class/capture sequence. Requires spot-check.
pair_a6d73b1f3bf2e34b6d59,dataset/test/Healthy leaf/2025_11_21_IMG (254).JPG,dataset/val/Healthy leaf/2025_11_21_IMG (253).JPG,Healthy leaf,Healthy leaf,test,val,B,188.427801,SAME_SOURCE,Auto-prefilled from very strong multi-metric similarity; same class/capture sequence. Requires spot-check.
pair_7742b8ed6b9af61880ec,dataset/test/Healthy leaf/2025_11_21_IMG (266).JPG,dataset/val/Healthy leaf/2025_11_21_IMG (267).JPG,Healthy leaf,Healthy leaf,test,val,C,187.099321,,
pair_2ab4b310c67a44fbd521,dataset/test/Black spot/2025_12_20_IMG (146).JPG,dataset/val/Black spot/2025_12_20_IMG (145).JPG,Black spot,Black spot,test,val,C,187.096086,,
pair_021e590b68270277af24,dataset/test/Healthy leaf/2025_11_21_IMG (258).JPG,dataset/val/Healthy leaf/2025_11_21_IMG (257).JPG,Healthy leaf,Healthy leaf,test,val,C,187.029306,,
pair_7c40997e40bdfcd1bf01,dataset/test/Algal leaf spot/2025_12_21_IMG (206).JPG,dataset/val/Algal leaf spot/2025_12_21_IMG (205).JPG,Algal leaf spot,Algal leaf spot,test,val,C,186.979309,,
pair_c71647e926464533c2ac,dataset/test/Black spot/2025_12_20_IMG (258).JPG,dataset/val/Black spot/2025_12_20_IMG (257).JPG,Black spot,Black spot,test,val,C,186.798932,,
pair_03e5a3d5d1e6220df31f,dataset/test/Algal leaf spot/2025_12_21_IMG (146).JPG,dataset/val/Algal leaf spot/2025_12_21_IMG (145).JPG,Algal leaf spot,Algal leaf spot,test,val,C,186.618815,,
pair_11d969dc2b7c8b39ac85,dataset/test/Black spot/2025_12_20_IMG (112).JPG,dataset/val/Black spot/2025_12_20_IMG (111).JPG,Black spot,Black spot,test,val,C,186.488415,,
pair_67df1f10cff05fed3c38,dataset/test/Greening/2025_12_21_IMG (56).JPG,dataset/val/Greening/2025_12_21_IMG (57).JPG,Greening,Greening,test,val,C,185.692018,,
pair_edab64f1705a2cb940cd,dataset/test/Black spot/2025_12_20_IMG (110).JPG,dataset/val/Black spot/2025_12_20_IMG (111).JPG,Black spot,Black spot,test,val,C,185.673156,,
pair_e8e1140a025d0fd8ff05,dataset/test/Algal leaf spot/2025_12_21_IMG (256).JPG,dataset/val/Algal leaf spot/2025_12_21_IMG (257).JPG,Algal leaf spot,Algal leaf spot,test,val,C,185.45384,,
pair_322a8c0b7d1360c3ae63,dataset/test/Healthy leaf/2025_11_21_IMG (292).JPG,dataset/val/Healthy leaf/2025_11_21_IMG (291).JPG,Healthy leaf,Healthy leaf,test,val,B,185.289569,,
pair_e5673496b0c8a90469c6,dataset/test/Citrus pest/2025_12_20_IMG (220).JPG,dataset/val/Citrus pest/2025_12_20_IMG (221).JPG,Citrus pest,Citrus pest,test,val,C,185.236644,,
pair_1cc68c7cb36aaa80379e,dataset/test/Citrus pest/2025_12_20_IMG (399).JPG,dataset/val/Citrus pest/2025_12_20_IMG (398).JPG,Citrus pest,Citrus pest,test,val,C,185.202451,,
pair_56140884d0bd3be8ea24,dataset/test/Citrus canker/2025_12_21_IMG (352).JPG,dataset/val/Citrus canker/2025_12_21_IMG (350).JPG,Citrus canker,Citrus canker,test,val,C,184.168483,,
pair_87f5e09f5eb42cc44741,dataset/test/Algal leaf spot/2025_12_21_IMG (188).JPG,dataset/val/Algal leaf spot/2025_12_21_IMG (187).JPG,Algal leaf spot,Algal leaf spot,test,val,C,183.321152,,
pair_b9a454bde75f67ffe595,dataset/test/Healthy leaf/2025_11_21_IMG (110).JPG,dataset/val/Healthy leaf/2025_11_21_IMG (109).JPG,Healthy leaf,Healthy leaf,test,val,C,183.258852,,
pair_88173863bf73b4644b59,dataset/test/Healthy leaf/2025_11_21_IMG (254).JPG,dataset/val/Healthy leaf/2025_11_21_IMG (257).JPG,Healthy leaf,Healthy leaf,test,val,C,182.997537,,
pair_7e97707304541632353e,dataset/test/Citrus pest/2025_12_20_IMG (234).JPG,dataset/val/Citrus pest/2025_12_20_IMG (232).JPG,Citrus pest,Citrus pest,test,val,C,182.975135,,
pair_7fc7e0a04a78d727efe2,dataset/test/Healthy leaf/2025_11_21_IMG (256).JPG,dataset/val/Healthy leaf/2025_11_21_IMG (253).JPG,Healthy leaf,Healthy leaf,test,val,C,182.769289,,
pair_d51b52eee7edec5547fb,dataset/test/Black spot/2025_12_20_IMG (220).JPG,dataset/val/Black spot/2025_12_20_IMG (221).JPG,Black spot,Black spot,test,val,C,182.745582,,
pair_0f04a673d903ffa917ef,dataset/test/Black spot/2025_12_20_IMG (310).JPG,dataset/val/Black spot/2025_12_20_IMG (311).JPG,Black spot,Black spot,test,val,C,182.383891,,
pair_3a7dad3b2e0b23aba530,dataset/test/Algal leaf spot/2025_12_21_IMG (220).JPG,dataset/val/Algal leaf spot/2025_12_21_IMG (221).JPG,Algal leaf spot,Algal leaf spot,test,val,C,180.948824,,
pair_b578e67c5b8d130c13dc,dataset/test/Healthy leaf/2025_11_21_IMG (258).JPG,dataset/val/Healthy leaf/2025_11_21_IMG (251).JPG,Healthy leaf,Healthy leaf,test,val,C,180.824553,,
pair_4c7f491bb44be5f79132,dataset/test/Healthy leaf/2025_11_21_IMG (254).JPG,dataset/val/Healthy leaf/2025_11_21_IMG (251).JPG,Healthy leaf,Healthy leaf,test,val,C,180.44055,,
pair_a5b22e54009fedda1668,dataset/test/Healthy leaf/2025_11_21_IMG (258).JPG,dataset/val/Healthy leaf/2025_11_21_IMG (253).JPG,Healthy leaf,Healthy leaf,test,val,C,180.185123,,
pair_08f57212f9dcfb98e654,dataset/test/Healthy leaf/2025_11_21_IMG (93).JPG,dataset/val/Healthy leaf/2025_11_21_IMG (94).JPG,Healthy leaf,Healthy leaf,test,val,C,180.100726,,
pair_35ba57bb290b4bbc50c6,dataset/test/Healthy leaf/2025_11_21_IMG (256).JPG,dataset/val/Healthy leaf/2025_11_21_IMG (251).JPG,Healthy leaf,Healthy leaf,test,val,C,179.728936,,
pair_c84a2ed1650819c9402d,dataset/test/Healthy leaf/2025_11_21_IMG (2).JPG,dataset/val/Healthy leaf/2025_11_21_IMG (299).JPG,Healthy leaf,Healthy leaf,test,val,C,179.281112,,
pair_bfa5900219ccb1a646d7,dataset/test/Citrus pest/2025_12_20_IMG (320).JPG,dataset/val/Citrus pest/2025_12_20_IMG (321).JPG,Citrus pest,Citrus pest,test,val,D,175.873564,,
pair_dfb06026210dc5db8196,dataset/test/Black spot/2025_12_20_IMG (256).JPG,dataset/val/Black spot/2025_12_20_IMG (257).JPG,Black spot,Black spot,test,val,D,175.311302,,
pair_cc68d4dfd911daddabbd,dataset/test/Algal leaf spot/2025_12_21_IMG (135).JPG,dataset/val/Algal leaf spot/2025_12_21_IMG (136).JPG,Algal leaf spot,Algal leaf spot,test,val,D,175.255628,,
pair_ce0de8d5baa5d54df290,dataset/test/Algal leaf spot/2025_12_21_IMG (254).JPG,dataset/val/Algal leaf spot/2025_12_21_IMG (253).JPG,Algal leaf spot,Algal leaf spot,test,val,D,174.771922,,
pair_eb134a3214eee6e9a02e,dataset/test/Black spot/2025_12_20_IMG (11).JPG,dataset/val/Black spot/2025_12_20_IMG (12).JPG,Black spot,Black spot,test,val,D,174.175597,,
pair_5e46c10fcbd3409ab75a,dataset/test/Algal leaf spot/2025_12_21_IMG (292).JPG,dataset/val/Algal leaf spot/2025_12_21_IMG (293).JPG,Algal leaf spot,Algal leaf spot,test,val,D,173.49612,,
pair_a01e87dfd4ab1f162db6,dataset/test/Healthy leaf/2025_11_21_IMG (146).JPG,dataset/val/Healthy leaf/2025_11_21_IMG (147).JPG,Healthy leaf,Healthy leaf,test,val,D,172.838356,,
pair_942541538943ff9a2244,dataset/test/Black spot/2025_12_20_IMG (170).JPG,dataset/val/Black spot/2025_12_20_IMG (171).JPG,Black spot,Black spot,test,val,D,172.747203,,
pair_6227edf813d481a7f6bd,dataset/test/Algal leaf spot/2025_12_21_IMG (135).JPG,dataset/val/Algal leaf spot/2025_12_21_IMG (138).JPG,Algal leaf spot,Algal leaf spot,test,val,D,172.201351,,
pair_0b805db0338dd8557dd7,dataset/test/Black spot/2025_12_20_IMG (266).JPG,dataset/val/Black spot/2025_12_20_IMG (267).JPG,Black spot,Black spot,test,val,D,172.196389,,
pair_cd6678ec57fa599c481a,dataset/test/Citrus canker/2025_12_21_IMG (542).JPG,dataset/val/Citrus canker/2025_12_21_IMG (543).JPG,Citrus canker,Citrus canker,test,val,D,172.191281,,
pair_937c91557190ead12a52,dataset/test/Citrus pest/2025_12_20_IMG (215).JPG,dataset/val/Citrus pest/2025_12_20_IMG (213).JPG,Citrus pest,Citrus pest,test,val,D,171.061051,,
pair_c7e0a590e8cbeac564e0,dataset/test/Black spot/2025_12_20_IMG (172).JPG,dataset/val/Black spot/2025_12_20_IMG (174).JPG,Black spot,Black spot,test,val,D,170.925981,,
pair_ed31fd62e792a65c254b,dataset/test/Citrus canker/2025_12_21_IMG (342).JPG,dataset/val/Citrus canker/2025_12_21_IMG (340).JPG,Citrus canker,Citrus canker,test,val,D,170.067714,,
pair_79c7717ba570d43e8510,dataset/test/Citrus canker/2025_12_21_IMG (564).JPG,dataset/val/Citrus canker/2025_12_21_IMG (565).JPG,Citrus canker,Citrus canker,test,val,D,169.80513,,
pair_dcade5674e76322da694,dataset/test/Healthy leaf/2025_11_21_IMG (264).JPG,dataset/val/Healthy leaf/2025_11_21_IMG (261).JPG,Healthy leaf,Healthy leaf,test,val,D,169.798412,,
pair_41aa39aa442ee7705fde,dataset/test/Algal leaf spot/2025_12_21_IMG (110).JPG,dataset/val/Algal leaf spot/2025_12_21_IMG (111).JPG,Algal leaf spot,Algal leaf spot,test,val,D,169.572383,,
pair_e66a4eb72c25805cfae1,dataset/test/Citrus pest/2025_12_20_IMG (42).JPG,dataset/val/Citrus pest/2025_12_20_IMG (41).JPG,Citrus pest,Citrus pest,test,val,D,168.882779,,
pair_35bf3fb03e4cba04f9f3,dataset/test/Greening/2025_12_21_IMG (266).JPG,dataset/val/Greening/2025_12_21_IMG (267).JPG,Greening,Greening,test,val,D,168.879161,,
pair_667209bbd0e403137403,dataset/test/Healthy leaf/2025_11_21_IMG (264).JPG,dataset/val/Healthy leaf/2025_11_21_IMG (260).JPG,Healthy leaf,Healthy leaf,test,val,D,168.795369,,
pair_d757590388c3403120a8,dataset/test/Citrus canker/2025_12_21_IMG (437).JPG,dataset/val/Citrus canker/2025_12_21_IMG (438).JPG,Citrus canker,Citrus canker,test,val,D,168.393492,,
pair_7e7fbf38cac2d02e1345,dataset/test/Healthy leaf/2025_11_21_IMG (274).JPG,dataset/val/Healthy leaf/2025_11_21_IMG (267).JPG,Healthy leaf,Healthy leaf,test,val,D,167.704182,,
pair_dccb59ccf92d4ec994ea,dataset/test/Citrus canker/2025_12_21_IMG (344).JPG,dataset/val/Citrus canker/2025_12_21_IMG (340).JPG,Citrus canker,Citrus canker,test,val,D,167.116571,,
pair_e482c012c0c836d3588a,dataset/test/Black spot/2025_12_20_IMG (190).JPG,dataset/val/Black spot/2025_12_20_IMG (191).JPG,Black spot,Black spot,test,val,D,166.47402,,
pair_c7b3af3e905f161dcca0,dataset/test/Black spot/2025_12_20_IMG (150).JPG,dataset/val/Black spot/2025_12_20_IMG (151).JPG,Black spot,Black spot,test,val,D,162.238522,,
