refined_capture_group_id,filepath,filename,class,split,date_token,image_number,prior_capture_sequence_id,group_size,supporting_categories,max_incident_phash,max_incident_mae,supporting_pair_ids,review_status
capture_review_636ed756b32e,dataset/test/Algal leaf spot/2025_12_21_IMG (11).JPG,2025_12_21_IMG (11).JPG,Algal leaf spot,test,2025-12-21,11,sequence_0001,2,C,4,0.0146564170718193,pair_636ed756b32e537d47f4,candidate capture sequence requiring human verification
capture_review_636ed756b32e,dataset/train/Algal leaf spot/2025_12_21_IMG (10).JPG,2025_12_21_IMG (10).JPG,Algal leaf spot,train,2025-12-21,10,sequence_0001,2,C,4,0.0146564170718193,pair_636ed756b32e537d47f4,candidate capture sequence requiring human verification
capture_review_f63bc63e2cad,dataset/test/Algal leaf spot/2025_12_21_IMG (119).JPG,2025_12_21_IMG (119).JPG,Algal leaf spot,test,2025-12-21,119,sequence_0002,2,C,4,0.0175567418336868,pair_f63bc63e2cade7ea024c,candidate capture sequence requiring human verification
capture_review_f63bc63e2cad,dataset/train/Algal leaf spot/2025_12_21_IMG (120).JPG,2025_12_21_IMG (120).JPG,Algal leaf spot,train,2025-12-21,120,sequence_0002,2,C,4,0.0175567418336868,pair_f63bc63e2cade7ea024c,candidate capture sequence requiring human verification
capture_review_54975de0e2e7,dataset/test/Algal leaf spot/2025_12_21_IMG (141).JPG,2025_12_21_IMG (141).JPG,Algal leaf spot,test,2025-12-21,141,sequence_0003,2,C,0,0.0085388580337166,pair_54975de0e2e7b9301bd0,candidate capture sequence requiring human verification
capture_review_54975de0e2e7,dataset/train/Algal leaf spot/2025_12_21_IMG (142).JPG,2025_12_21_IMG (142).JPG,Algal leaf spot,train,2025-12-21,142,sequence_0003,2,C,0,0.0085388580337166,pair_54975de0e2e7b9301bd0,candidate capture sequence requiring human verification
capture_review_40df3c5b7a5b,dataset/test/Algal leaf spot/2025_12_21_IMG (143).JPG,2025_12_21_IMG (143).JPG,Algal leaf spot,test,2025-12-21,143,sequence_0004,2,C,4,0.0194990187883377,pair_40df3c5b7a5bb25000b6,candidate capture sequence requiring human verification
capture_review_40df3c5b7a5b,dataset/train/Algal leaf spot/2025_12_21_IMG (144).JPG,2025_12_21_IMG (144).JPG,Algal leaf spot,train,2025-12-21,144,sequence_0004,2,C,4,0.0194990187883377,pair_40df3c5b7a5bb25000b6,candidate capture sequence requiring human verification
capture_review_03e5a3d5d1e6,dataset/test/Algal leaf spot/2025_12_21_IMG (146).JPG,2025_12_21_IMG (146).JPG,Algal leaf spot,test,2025-12-21,146,sequence_0005,2,C,0,0.0110948355868458,pair_03e5a3d5d1e6220df31f,candidate capture sequence requiring human verification
capture_review_03e5a3d5d1e6,dataset/val/Algal leaf spot/2025_12_21_IMG (145).JPG,2025_12_21_IMG (145).JPG,Algal leaf spot,val,2025-12-21,145,sequence_0005,2,C,0,0.0110948355868458,pair_03e5a3d5d1e6220df31f,candidate capture sequence requiring human verification
capture_review_208dde1622cb,dataset/test/Algal leaf spot/2025_12_21_IMG (150).JPG,2025_12_21_IMG (150).JPG,Algal leaf spot,test,2025-12-21,150,sequence_0006,2,C,2,0.0223840251564979,pair_208dde1622cbf8a3d30f,candidate capture sequence requiring human verification
capture_review_208dde1622cb,dataset/train/Algal leaf spot/2025_12_21_IMG (149).JPG,2025_12_21_IMG (149).JPG,Algal leaf spot,train,2025-12-21,149,sequence_0006,2,C,2,0.0223840251564979,pair_208dde1622cbf8a3d30f,candidate capture sequence requiring human verification
capture_review_40c81495b27f,dataset/test/Algal leaf spot/2025_12_21_IMG (156).JPG,2025_12_21_IMG (156).JPG,Algal leaf spot,test,2025-12-21,156,sequence_0007,4,C,2,0.0122689427807927,pair_978619d6e4733f355d9b,candidate capture sequence requiring human verification
capture_review_40c81495b27f,dataset/train/Algal leaf spot/2025_12_21_IMG (157).JPG,2025_12_21_IMG (157).JPG,Algal leaf spot,train,2025-12-21,157,sequence_0007,4,C,2,0.0145345041528344,pair_978619d6e4733f355d9b|pair_c54e2752d2c7499a0bb3,candidate capture sequence requiring human verification
capture_review_40c81495b27f,dataset/train/Algal leaf spot/2025_12_21_IMG (158).JPG,2025_12_21_IMG (158).JPG,Algal leaf spot,train,2025-12-21,158,sequence_0007,4,C,4,0.0287568923085927,pair_872dbe329dbd6ad77ef1|pair_c54e2752d2c7499a0bb3,candidate capture sequence requiring human verification
capture_review_40c81495b27f,dataset/train/Algal leaf spot/2025_12_21_IMG (159).JPG,2025_12_21_IMG (159).JPG,Algal leaf spot,train,2025-12-21,159,sequence_0007,4,C,4,0.0287568923085927,pair_872dbe329dbd6ad77ef1,candidate capture sequence requiring human verification
capture_review_7a247e12e66b,dataset/test/Algal leaf spot/2025_12_21_IMG (163).JPG,2025_12_21_IMG (163).JPG,Algal leaf spot,test,2025-12-21,163,sequence_0008,2,C,0,0.0104967700317502,pair_7a247e12e66b77d5bd99,candidate capture sequence requiring human verification
capture_review_7a247e12e66b,dataset/train/Algal leaf spot/2025_12_21_IMG (162).JPG,2025_12_21_IMG (162).JPG,Algal leaf spot,train,2025-12-21,162,sequence_0008,2,C,0,0.0104967700317502,pair_7a247e12e66b77d5bd99,candidate capture sequence requiring human verification
capture_review_193158187c98,dataset/test/Algal leaf spot/2025_12_21_IMG (170).JPG,2025_12_21_IMG (170).JPG,Algal leaf spot,test,2025-12-21,170,sequence_0009,2,C,2,0.005785334855318,pair_193158187c98565cbd7f,candidate capture sequence requiring human verification
capture_review_193158187c98,dataset/train/Algal leaf spot/2025_12_21_IMG (171).JPG,2025_12_21_IMG (171).JPG,Algal leaf spot,train,2025-12-21,171,sequence_0009,2,C,2,0.005785334855318,pair_193158187c98565cbd7f,candidate capture sequence requiring human verification
capture_review_87f5e09f5eb4,dataset/test/Algal leaf spot/2025_12_21_IMG (188).JPG,2025_12_21_IMG (188).JPG,Algal leaf spot,test,2025-12-21,188,sequence_0010,2,C,4,0.0197204984724521,pair_87f5e09f5eb42cc44741,candidate capture sequence requiring human verification
capture_review_87f5e09f5eb4,dataset/val/Algal leaf spot/2025_12_21_IMG (187).JPG,2025_12_21_IMG (187).JPG,Algal leaf spot,val,2025-12-21,187,sequence_0010,2,C,4,0.0197204984724521,pair_87f5e09f5eb42cc44741,candidate capture sequence requiring human verification
capture_review_a524f9111287,dataset/test/Algal leaf spot/2025_12_21_IMG (2).JPG,2025_12_21_IMG (2).JPG,Algal leaf spot,test,2025-12-21,2,sequence_0011,3,C,2,0.0223055183887481,pair_5f6816424d533d18a504,candidate capture sequence requiring human verification
capture_review_a524f9111287,dataset/train/Algal leaf spot/2025_12_21_IMG (3).JPG,2025_12_21_IMG (3).JPG,Algal leaf spot,train,2025-12-21,3,sequence_0011,3,C,2,0.0223055183887481,pair_1c33999f614eb4700154|pair_5f6816424d533d18a504,candidate capture sequence requiring human verification
capture_review_a524f9111287,dataset/train/Algal leaf spot/2025_12_21_IMG (4).JPG,2025_12_21_IMG (4).JPG,Algal leaf spot,train,2025-12-21,4,sequence_0011,3,C,2,0.0118020446971058,pair_1c33999f614eb4700154,candidate capture sequence requiring human verification
capture_review_227f47fdc145,dataset/test/Algal leaf spot/2025_12_21_IMG (20).JPG,2025_12_21_IMG (20).JPG,Algal leaf spot,test,2025-12-21,20,sequence_0012,3,C,0,0.0070165693759918,pair_dc48a30a3be0a4e62c2e,candidate capture sequence requiring human verification
capture_review_227f47fdc145,dataset/train/Algal leaf spot/2025_12_21_IMG (18).JPG,2025_12_21_IMG (18).JPG,Algal leaf spot,train,2025-12-21,18,sequence_0012,3,C,2,0.0077263326384127,pair_44da54fd470131530fa3,candidate capture sequence requiring human verification
capture_review_227f47fdc145,dataset/train/Algal leaf spot/2025_12_21_IMG (19).JPG,2025_12_21_IMG (19).JPG,Algal leaf spot,train,2025-12-21,19,sequence_0012,3,C,2,0.0077263326384127,pair_44da54fd470131530fa3|pair_dc48a30a3be0a4e62c2e,candidate capture sequence requiring human verification
capture_review_0ff3bf07848e,dataset/test/Algal leaf spot/2025_12_21_IMG (206).JPG,2025_12_21_IMG (206).JPG,Algal leaf spot,test,2025-12-21,206,sequence_0013,3,C,2,0.0085063064470887,pair_7c40997e40bdfcd1bf01,candidate capture sequence requiring human verification
capture_review_0ff3bf07848e,dataset/train/Algal leaf spot/2025_12_21_IMG (204).JPG,2025_12_21_IMG (204).JPG,Algal leaf spot,train,2025-12-21,204,sequence_0013,3,C,4,0.02742800116539,pair_f23044ef51af4d430d33,candidate capture sequence requiring human verification
capture_review_0ff3bf07848e,dataset/val/Algal leaf spot/2025_12_21_IMG (205).JPG,2025_12_21_IMG (205).JPG,Algal leaf spot,val,2025-12-21,205,sequence_0013,3,C,4,0.02742800116539,pair_7c40997e40bdfcd1bf01|pair_f23044ef51af4d430d33,candidate capture sequence requiring human verification
capture_review_59a61e8aef26,dataset/test/Algal leaf spot/2025_12_21_IMG (227).JPG,2025_12_21_IMG (227).JPG,Algal leaf spot,test,2025-12-21,227,sequence_0015,2,C,0,0.0199505984783172,pair_59a61e8aef26580a5b63,candidate capture sequence requiring human verification
capture_review_59a61e8aef26,dataset/train/Algal leaf spot/2025_12_21_IMG (226).JPG,2025_12_21_IMG (226).JPG,Algal leaf spot,train,2025-12-21,226,sequence_0015,2,C,0,0.0199505984783172,pair_59a61e8aef26580a5b63,candidate capture sequence requiring human verification
capture_review_4729322ffd5a,dataset/test/Algal leaf spot/2025_12_21_IMG (234).JPG,2025_12_21_IMG (234).JPG,Algal leaf spot,test,2025-12-21,234,sequence_0016,2,C,4,0.0096204169094562,pair_4729322ffd5a13d9199b,candidate capture sequence requiring human verification
capture_review_4729322ffd5a,dataset/train/Algal leaf spot/2025_12_21_IMG (235).JPG,2025_12_21_IMG (235).JPG,Algal leaf spot,train,2025-12-21,235,sequence_0016,2,C,4,0.0096204169094562,pair_4729322ffd5a13d9199b,candidate capture sequence requiring human verification
capture_review_e8e1140a025d,dataset/test/Algal leaf spot/2025_12_21_IMG (256).JPG,2025_12_21_IMG (256).JPG,Algal leaf spot,test,2025-12-21,256,sequence_0017,2,C,4,0.0125826569274067,pair_e8e1140a025d0fd8ff05,candidate capture sequence requiring human verification
capture_review_e8e1140a025d,dataset/val/Algal leaf spot/2025_12_21_IMG (257).JPG,2025_12_21_IMG (257).JPG,Algal leaf spot,val,2025-12-21,257,sequence_0017,2,C,4,0.0125826569274067,pair_e8e1140a025d0fd8ff05,candidate capture sequence requiring human verification
capture_review_5f7f1d831b99,dataset/test/Algal leaf spot/2025_12_21_IMG (258).JPG,2025_12_21_IMG (258).JPG,Algal leaf spot,test,2025-12-21,258,sequence_0018,2,C,2,0.0164474193006753,pair_5f7f1d831b991dc4bbd0,candidate capture sequence requiring human verification
capture_review_5f7f1d831b99,dataset/train/Algal leaf spot/2025_12_21_IMG (259).JPG,2025_12_21_IMG (259).JPG,Algal leaf spot,train,2025-12-21,259,sequence_0018,2,C,2,0.0164474193006753,pair_5f7f1d831b991dc4bbd0,candidate capture sequence requiring human verification
capture_review_225ec2fde8ca,dataset/test/Algal leaf spot/2025_12_21_IMG (274).JPG,2025_12_21_IMG (274).JPG,Algal leaf spot,test,2025-12-21,274,sequence_0019,2,C,0,0.0088321454823017,pair_225ec2fde8ca6b67a8b9,candidate capture sequence requiring human verification
capture_review_225ec2fde8ca,dataset/train/Algal leaf spot/2025_12_21_IMG (275).JPG,2025_12_21_IMG (275).JPG,Algal leaf spot,train,2025-12-21,275,sequence_0019,2,C,0,0.0088321454823017,pair_225ec2fde8ca6b67a8b9,candidate capture sequence requiring human verification
capture_review_d6b8c2420eb8,dataset/test/Algal leaf spot/2025_12_21_IMG (294).JPG,2025_12_21_IMG (294).JPG,Algal leaf spot,test,2025-12-21,294,sequence_0020,2,C,2,0.0168418735265731,pair_d6b8c2420eb835bd0787,candidate capture sequence requiring human verification
capture_review_d6b8c2420eb8,dataset/train/Algal leaf spot/2025_12_21_IMG (295).JPG,2025_12_21_IMG (295).JPG,Algal leaf spot,train,2025-12-21,295,sequence_0020,2,C,2,0.0168418735265731,pair_d6b8c2420eb835bd0787,candidate capture sequence requiring human verification
capture_review_3cfc787c451d,dataset/test/Algal leaf spot/2025_12_21_IMG (305).JPG,2025_12_21_IMG (305).JPG,Algal leaf spot,test,2025-12-21,305,sequence_0021,2,C,0,0.0141560062766075,pair_3cfc787c451de61ba43b,candidate capture sequence requiring human verification
capture_review_3cfc787c451d,dataset/train/Algal leaf spot/2025_12_21_IMG (304).JPG,2025_12_21_IMG (304).JPG,Algal leaf spot,train,2025-12-21,304,sequence_0021,2,C,0,0.0141560062766075,pair_3cfc787c451de61ba43b,candidate capture sequence requiring human verification
capture_review_9770bad0e04d,dataset/test/Algal leaf spot/2025_12_21_IMG (78).JPG,2025_12_21_IMG (78).JPG,Algal leaf spot,test,2025-12-21,78,sequence_0022,3,C,0,0.0040862434543669,pair_a31d831e1a804b20d64e,candidate capture sequence requiring human verification
capture_review_9770bad0e04d,dataset/test/Algal leaf spot/2025_12_21_IMG (79).JPG,2025_12_21_IMG (79).JPG,Algal leaf spot,test,2025-12-21,79,sequence_0022,3,C,2,0.0123024536296725,pair_4f8a6447cee48f90fca1|pair_a31d831e1a804b20d64e,candidate capture sequence requiring human verification
capture_review_9770bad0e04d,dataset/train/Algal leaf spot/2025_12_21_IMG (80).JPG,2025_12_21_IMG (80).JPG,Algal leaf spot,train,2025-12-21,80,sequence_0022,3,C,2,0.0123024536296725,pair_4f8a6447cee48f90fca1,candidate capture sequence requiring human verification
capture_review_e5c1a9af334b,dataset/test/Black spot/2025_12_20_IMG (101).JPG,2025_12_20_IMG (101).JPG,Black spot,test,2025-12-20,101,sequence_0023,2,C,0,0.0245570372790098,pair_e5c1a9af334b9c0fe74a,candidate capture sequence requiring human verification
capture_review_e5c1a9af334b,dataset/train/Black spot/2025_12_20_IMG (102).JPG,2025_12_20_IMG (102).JPG,Black spot,train,2025-12-20,102,sequence_0023,2,C,0,0.0245570372790098,pair_e5c1a9af334b9c0fe74a,candidate capture sequence requiring human verification
capture_review_bd2ddd7b8cf5,dataset/test/Black spot/2025_12_20_IMG (110).JPG,2025_12_20_IMG (110).JPG,Black spot,test,2025-12-20,110,sequence_0024,3,C,2,0.0123962806537747,pair_edab64f1705a2cb940cd,candidate capture sequence requiring human verification
capture_review_bd2ddd7b8cf5,dataset/test/Black spot/2025_12_20_IMG (112).JPG,2025_12_20_IMG (112).JPG,Black spot,test,2025-12-20,112,sequence_0024,3,C,0,0.0130926379933953,pair_11d969dc2b7c8b39ac85,candidate capture sequence requiring human verification
capture_review_bd2ddd7b8cf5,dataset/val/Black spot/2025_12_20_IMG (111).JPG,2025_12_20_IMG (111).JPG,Black spot,val,2025-12-20,111,sequence_0024,3,C,2,0.0130926379933953,pair_11d969dc2b7c8b39ac85|pair_edab64f1705a2cb940cd,candidate capture sequence requiring human verification
capture_review_e188f82a25f5,dataset/test/Black spot/2025_12_20_IMG (135).JPG,2025_12_20_IMG (135).JPG,Black spot,test,2025-12-20,135,sequence_0025,3,C,2,0.0166851785033941,pair_aab7af11cf044b0f4fcc,candidate capture sequence requiring human verification
capture_review_e188f82a25f5,dataset/train/Black spot/2025_12_20_IMG (133).JPG,2025_12_20_IMG (133).JPG,Black spot,train,2025-12-20,133,sequence_0025,3,C,2,0.0167330484837293,pair_0b093d169482aa9f340e,candidate capture sequence requiring human verification
capture_review_e188f82a25f5,dataset/train/Black spot/2025_12_20_IMG (134).JPG,2025_12_20_IMG (134).JPG,Black spot,train,2025-12-20,134,sequence_0025,3,C,2,0.0167330484837293,pair_0b093d169482aa9f340e|pair_aab7af11cf044b0f4fcc,candidate capture sequence requiring human verification
capture_review_2d1e9ed6f704,dataset/test/Black spot/2025_12_20_IMG (139).JPG,2025_12_20_IMG (139).JPG,Black spot,test,2025-12-20,139,sequence_0026,3,C,2,0.0111596202477812,pair_e6510e2dbdda70c62009,candidate capture sequence requiring human verification
capture_review_2d1e9ed6f704,dataset/test/Black spot/2025_12_20_IMG (141).JPG,2025_12_20_IMG (141).JPG,Black spot,test,2025-12-20,141,sequence_0026,3,C,2,0.0118770422413945,pair_668442580264965e0a93,candidate capture sequence requiring human verification
capture_review_2d1e9ed6f704,dataset/train/Black spot/2025_12_20_IMG (140).JPG,2025_12_20_IMG (140).JPG,Black spot,train,2025-12-20,140,sequence_0026,3,C,2,0.0118770422413945,pair_668442580264965e0a93|pair_e6510e2dbdda70c62009,candidate capture sequence requiring human verification
capture_review_2ab4b310c67a,dataset/test/Black spot/2025_12_20_IMG (146).JPG,2025_12_20_IMG (146).JPG,Black spot,test,2025-12-20,146,sequence_0028,2,C,0,0.0089004412293434,pair_2ab4b310c67a44fbd521,candidate capture sequence requiring human verification
capture_review_2ab4b310c67a,dataset/val/Black spot/2025_12_20_IMG (145).JPG,2025_12_20_IMG (145).JPG,Black spot,val,2025-12-20,145,sequence_0028,2,C,0,0.0089004412293434,pair_2ab4b310c67a44fbd521,candidate capture sequence requiring human verification
capture_review_1d9678708e96,dataset/test/Black spot/2025_12_20_IMG (156).JPG,2025_12_20_IMG (156).JPG,Black spot,test,2025-12-20,156,sequence_0029,2,C,2,0.023514412343502,pair_1d9678708e963a949452,candidate capture sequence requiring human verification
capture_review_1d9678708e96,dataset/train/Black spot/2025_12_20_IMG (157).JPG,2025_12_20_IMG (157).JPG,Black spot,train,2025-12-20,157,sequence_0029,2,C,2,0.023514412343502,pair_1d9678708e963a949452,candidate capture sequence requiring human verification
capture_review_90ba277ad92c,dataset/test/Black spot/2025_12_20_IMG (199).JPG,2025_12_20_IMG (199).JPG,Black spot,test,2025-12-20,199,sequence_0030,2,C,2,0.0209453497081995,pair_90ba277ad92c2779cee0,candidate capture sequence requiring human verification
capture_review_90ba277ad92c,dataset/train/Black spot/2025_12_20_IMG (198).JPG,2025_12_20_IMG (198).JPG,Black spot,train,2025-12-20,198,sequence_0030,2,C,2,0.0209453497081995,pair_90ba277ad92c2779cee0,candidate capture sequence requiring human verification
capture_review_110fbc47b7cb,dataset/test/Black spot/2025_12_20_IMG (20).JPG,2025_12_20_IMG (20).JPG,Black spot,test,2025-12-20,20,sequence_0031,3,C,2,0.0184321384876966,pair_f6548f83156a3b7cf662,candidate capture sequence requiring human verification
capture_review_110fbc47b7cb,dataset/train/Black spot/2025_12_20_IMG (21).JPG,2025_12_20_IMG (21).JPG,Black spot,train,2025-12-20,21,sequence_0031,3,C,2,0.0192357283085584,pair_054666c643ba0998a793|pair_f6548f83156a3b7cf662,candidate capture sequence requiring human verification
capture_review_110fbc47b7cb,dataset/train/Black spot/2025_12_20_IMG (22).JPG,2025_12_20_IMG (22).JPG,Black spot,train,2025-12-20,22,sequence_0031,3,C,2,0.0192357283085584,pair_054666c643ba0998a793,candidate capture sequence requiring human verification
capture_review_0708f46097e0,dataset/test/Black spot/2025_12_20_IMG (206).JPG,2025_12_20_IMG (206).JPG,Black spot,test,2025-12-20,206,sequence_0032,2,C,4,0.0245302263647317,pair_0708f46097e0a4e00064,candidate capture sequence requiring human verification
capture_review_0708f46097e0,dataset/train/Black spot/2025_12_20_IMG (207).JPG,2025_12_20_IMG (207).JPG,Black spot,train,2025-12-20,207,sequence_0032,2,C,4,0.0245302263647317,pair_0708f46097e0a4e00064,candidate capture sequence requiring human verification
capture_review_e8fdf157fb95,dataset/test/Black spot/2025_12_20_IMG (225).JPG,2025_12_20_IMG (225).JPG,Black spot,test,2025-12-20,225,sequence_0034,2,C,2,0.00483302725479,pair_e8fdf157fb9566891d29,candidate capture sequence requiring human verification
capture_review_e8fdf157fb95,dataset/train/Black spot/2025_12_20_IMG (226).JPG,2025_12_20_IMG (226).JPG,Black spot,train,2025-12-20,226,sequence_0034,2,C,2,0.00483302725479,pair_e8fdf157fb9566891d29,candidate capture sequence requiring human verification
capture_review_9eae7ee92267,dataset/test/Black spot/2025_12_20_IMG (234).JPG,2025_12_20_IMG (234).JPG,Black spot,test,2025-12-20,234,sequence_0035,2,C,4,0.0240595024079084,pair_9eae7ee922677fbd9567,candidate capture sequence requiring human verification
capture_review_9eae7ee92267,dataset/train/Black spot/2025_12_20_IMG (233).JPG,2025_12_20_IMG (233).JPG,Black spot,train,2025-12-20,233,sequence_0035,2,C,4,0.0240595024079084,pair_9eae7ee922677fbd9567,candidate capture sequence requiring human verification
capture_review_228c12bcc190,dataset/test/Black spot/2025_12_20_IMG (254).JPG,2025_12_20_IMG (254).JPG,Black spot,test,2025-12-20,254,sequence_0036,2,C,0,0.0078517543151974,pair_228c12bcc190d330752b,candidate capture sequence requiring human verification
capture_review_228c12bcc190,dataset/train/Black spot/2025_12_20_IMG (255).JPG,2025_12_20_IMG (255).JPG,Black spot,train,2025-12-20,255,sequence_0036,2,C,0,0.0078517543151974,pair_228c12bcc190d330752b,candidate capture sequence requiring human verification
capture_review_c71647e92646,dataset/test/Black spot/2025_12_20_IMG (258).JPG,2025_12_20_IMG (258).JPG,Black spot,test,2025-12-20,258,sequence_0037,2,C,2,0.0079944087192416,pair_c71647e926464533c2ac,candidate capture sequence requiring human verification
capture_review_c71647e92646,dataset/val/Black spot/2025_12_20_IMG (257).JPG,2025_12_20_IMG (257).JPG,Black spot,val,2025-12-20,257,sequence_0037,2,C,2,0.0079944087192416,pair_c71647e926464533c2ac,candidate capture sequence requiring human verification
capture_review_ed367fc6d9b8,dataset/test/Black spot/2025_12_20_IMG (273).JPG,2025_12_20_IMG (273).JPG,Black spot,test,2025-12-20,273,sequence_0038,3,C,4,0.0221146736294031,pair_6088b728ef7e37901503|pair_65cfa316b0e05c267924,candidate capture sequence requiring human verification
capture_review_ed367fc6d9b8,dataset/test/Black spot/2025_12_20_IMG (274).JPG,2025_12_20_IMG (274).JPG,Black spot,test,2025-12-20,274,sequence_0038,3,C,4,0.0130703002214431,pair_65cfa316b0e05c267924,candidate capture sequence requiring human verification
capture_review_ed367fc6d9b8,dataset/train/Black spot/2025_12_20_IMG (272).JPG,2025_12_20_IMG (272).JPG,Black spot,train,2025-12-20,272,sequence_0038,3,C,4,0.0221146736294031,pair_6088b728ef7e37901503,candidate capture sequence requiring human verification
capture_review_0f04a673d903,dataset/test/Black spot/2025_12_20_IMG (310).JPG,2025_12_20_IMG (310).JPG,Black spot,test,2025-12-20,310,sequence_0039,2,C,4,0.0290993303060531,pair_0f04a673d903ffa917ef,candidate capture sequence requiring human verification
capture_review_0f04a673d903,dataset/val/Black spot/2025_12_20_IMG (311).JPG,2025_12_20_IMG (311).JPG,Black spot,val,2025-12-20,311,sequence_0039,2,C,4,0.0290993303060531,pair_0f04a673d903ffa917ef,candidate capture sequence requiring human verification
capture_review_446df81a1896,dataset/test/Black spot/2025_12_20_IMG (49).JPG,2025_12_20_IMG (49).JPG,Black spot,test,2025-12-20,49,sequence_0040,2,C,2,0.0163596551865339,pair_446df81a1896ca53d2fc,candidate capture sequence requiring human verification
capture_review_446df81a1896,dataset/train/Black spot/2025_12_20_IMG (48).JPG,2025_12_20_IMG (48).JPG,Black spot,train,2025-12-20,48,sequence_0040,2,C,2,0.0163596551865339,pair_446df81a1896ca53d2fc,candidate capture sequence requiring human verification
capture_review_25a2694ff244,dataset/test/Black spot/2025_12_20_IMG (53).JPG,2025_12_20_IMG (53).JPG,Black spot,test,2025-12-20,53,sequence_0041,2,C,0,0.0056407651863992,pair_25a2694ff244012ff7bf,candidate capture sequence requiring human verification
capture_review_25a2694ff244,dataset/train/Black spot/2025_12_20_IMG (54).JPG,2025_12_20_IMG (54).JPG,Black spot,train,2025-12-20,54,sequence_0041,2,C,0,0.0056407651863992,pair_25a2694ff244012ff7bf,candidate capture sequence requiring human verification
capture_review_5309a41fcafb,dataset/test/Citrus canker/2025_12_21_IMG (342).JPG,2025_12_21_IMG (342).JPG,Citrus canker,test,2025-12-21,342,sequence_0042,4,C,2,0.0161956194788217,pair_55204cd593d2a50d3dab|pair_fda9158bbfa0a0780d61,candidate capture sequence requiring human verification
capture_review_5309a41fcafb,dataset/test/Citrus canker/2025_12_21_IMG (344).JPG,2025_12_21_IMG (344).JPG,Citrus canker,test,2025-12-21,344,sequence_0042,4,C,2,0.0135691119357943,pair_4d69746519bf01c26e04,candidate capture sequence requiring human verification
capture_review_5309a41fcafb,dataset/train/Citrus canker/2025_12_21_IMG (341).JPG,2025_12_21_IMG (341).JPG,Citrus canker,train,2025-12-21,341,sequence_0042,4,C,0,0.0049989786930382,pair_fda9158bbfa0a0780d61,candidate capture sequence requiring human verification
capture_review_5309a41fcafb,dataset/train/Citrus canker/2025_12_21_IMG (343).JPG,2025_12_21_IMG (343).JPG,Citrus canker,train,2025-12-21,343,sequence_0042,4,C,2,0.0161956194788217,pair_4d69746519bf01c26e04|pair_55204cd593d2a50d3dab,candidate capture sequence requiring human verification
capture_review_1c2dae0fa7db,dataset/test/Citrus canker/2025_12_21_IMG (374).JPG,2025_12_21_IMG (374).JPG,Citrus canker,test,2025-12-21,374,sequence_0043,2,C,0,0.0067127496004104,pair_1c2dae0fa7db18f1ac06,candidate capture sequence requiring human verification
capture_review_1c2dae0fa7db,dataset/train/Citrus canker/2025_12_21_IMG (375).JPG,2025_12_21_IMG (375).JPG,Citrus canker,train,2025-12-21,375,sequence_0043,2,C,0,0.0067127496004104,pair_1c2dae0fa7db18f1ac06,candidate capture sequence requiring human verification
capture_review_64208158d9c1,dataset/test/Citrus canker/2025_12_21_IMG (376).JPG,2025_12_21_IMG (376).JPG,Citrus canker,test,2025-12-21,376,sequence_0044,2,C,0,0.0178417339920997,pair_64208158d9c16ee74a28,candidate capture sequence requiring human verification
capture_review_64208158d9c1,dataset/train/Citrus canker/2025_12_21_IMG (377).JPG,2025_12_21_IMG (377).JPG,Citrus canker,train,2025-12-21,377,sequence_0044,2,C,0,0.0178417339920997,pair_64208158d9c16ee74a28,candidate capture sequence requiring human verification
capture_review_124faabc28f6,dataset/test/Citrus canker/2025_12_21_IMG (378).JPG,2025_12_21_IMG (378).JPG,Citrus canker,test,2025-12-21,378,sequence_0045,2,C,2,0.0142274945974349,pair_124faabc28f60d9c9df9,candidate capture sequence requiring human verification
capture_review_124faabc28f6,dataset/train/Citrus canker/2025_12_21_IMG (379).JPG,2025_12_21_IMG (379).JPG,Citrus canker,train,2025-12-21,379,sequence_0045,2,C,2,0.0142274945974349,pair_124faabc28f60d9c9df9,candidate capture sequence requiring human verification
capture_review_2cf42dbb2029,dataset/test/Citrus canker/2025_12_21_IMG (385).JPG,2025_12_21_IMG (385).JPG,Citrus canker,test,2025-12-21,385,sequence_0046,2,C,2,0.0130594484508037,pair_2cf42dbb202922004e43,candidate capture sequence requiring human verification
capture_review_2cf42dbb2029,dataset/train/Citrus canker/2025_12_21_IMG (384).JPG,2025_12_21_IMG (384).JPG,Citrus canker,train,2025-12-21,384,sequence_0046,2,C,2,0.0130594484508037,pair_2cf42dbb202922004e43,candidate capture sequence requiring human verification
capture_review_086ef21fdbc3,dataset/test/Citrus canker/2025_12_21_IMG (387).JPG,2025_12_21_IMG (387).JPG,Citrus canker,test,2025-12-21,387,sequence_0047,2,C,2,0.0231882538646459,pair_086ef21fdbc319dcca72,candidate capture sequence requiring human verification
capture_review_086ef21fdbc3,dataset/train/Citrus canker/2025_12_21_IMG (386).JPG,2025_12_21_IMG (386).JPG,Citrus canker,train,2025-12-21,386,sequence_0047,2,C,2,0.0231882538646459,pair_086ef21fdbc319dcca72,candidate capture sequence requiring human verification
capture_review_73d4122bf536,dataset/test/Citrus canker/2025_12_21_IMG (431).JPG,2025_12_21_IMG (431).JPG,Citrus canker,test,2025-12-21,431,sequence_0049,4,C,2,0.0179633256047964,pair_41a3946c5867ed8d6926|pair_acb0077049d73b29b590,candidate capture sequence requiring human verification
capture_review_73d4122bf536,dataset/train/Citrus canker/2025_12_21_IMG (429).JPG,2025_12_21_IMG (429).JPG,Citrus canker,train,2025-12-21,429,sequence_0049,4,C,2,0.0096306297928094,pair_aaa24dee35701a5f4f06,candidate capture sequence requiring human verification
capture_review_73d4122bf536,dataset/train/Citrus canker/2025_12_21_IMG (430).JPG,2025_12_21_IMG (430).JPG,Citrus canker,train,2025-12-21,430,sequence_0049,4,C,2,0.0096306297928094,pair_aaa24dee35701a5f4f06|pair_acb0077049d73b29b590,candidate capture sequence requiring human verification
capture_review_73d4122bf536,dataset/train/Citrus canker/2025_12_21_IMG (432).JPG,2025_12_21_IMG (432).JPG,Citrus canker,train,2025-12-21,432,sequence_0049,4,C,2,0.0179633256047964,pair_41a3946c5867ed8d6926,candidate capture sequence requiring human verification
capture_review_093437e44275,dataset/test/Citrus canker/2025_12_21_IMG (476).JPG,2025_12_21_IMG (476).JPG,Citrus canker,test,2025-12-21,476,sequence_0050,3,C,0,0.0219493582844734,pair_0bb3431f26ed52bfa7f7,candidate capture sequence requiring human verification
capture_review_093437e44275,dataset/train/Citrus canker/2025_12_21_IMG (477).JPG,2025_12_21_IMG (477).JPG,Citrus canker,train,2025-12-21,477,sequence_0050,3,C,4,0.0248152185231447,pair_0bb3431f26ed52bfa7f7|pair_497a37f17138e52a0560,candidate capture sequence requiring human verification
capture_review_093437e44275,dataset/train/Citrus canker/2025_12_21_IMG (478).JPG,2025_12_21_IMG (478).JPG,Citrus canker,train,2025-12-21,478,sequence_0050,3,C,4,0.0248152185231447,pair_497a37f17138e52a0560,candidate capture sequence requiring human verification
capture_review_14ad5297d4c2,dataset/test/Citrus canker/2025_12_21_IMG (548).JPG,2025_12_21_IMG (548).JPG,Citrus canker,test,2025-12-21,548,sequence_0053,2,C,2,0.0118457674980163,pair_14ad5297d4c267e33ef9,candidate capture sequence requiring human verification
capture_review_14ad5297d4c2,dataset/train/Citrus canker/2025_12_21_IMG (547).JPG,2025_12_21_IMG (547).JPG,Citrus canker,train,2025-12-21,547,sequence_0053,2,C,2,0.0118457674980163,pair_14ad5297d4c267e33ef9,candidate capture sequence requiring human verification
capture_review_93aaed4e2f81,dataset/test/Citrus canker/2025_12_21_IMG (562).JPG,2025_12_21_IMG (562).JPG,Citrus canker,test,2025-12-21,562,sequence_0054,2,C,2,0.0111768543720245,pair_93aaed4e2f818745c502,candidate capture sequence requiring human verification
capture_review_93aaed4e2f81,dataset/train/Citrus canker/2025_12_21_IMG (561).JPG,2025_12_21_IMG (561).JPG,Citrus canker,train,2025-12-21,561,sequence_0054,2,C,2,0.0111768543720245,pair_93aaed4e2f818745c502,candidate capture sequence requiring human verification
capture_review_947b9b62a92c,dataset/test/Citrus canker/2025_12_21_IMG (564).JPG,2025_12_21_IMG (564).JPG,Citrus canker,test,2025-12-21,564,sequence_0055,2,C,2,0.0092715993523597,pair_947b9b62a92c9818779a,candidate capture sequence requiring human verification
capture_review_947b9b62a92c,dataset/train/Citrus canker/2025_12_21_IMG (563).JPG,2025_12_21_IMG (563).JPG,Citrus canker,train,2025-12-21,563,sequence_0055,2,C,2,0.0092715993523597,pair_947b9b62a92c9818779a,candidate capture sequence requiring human verification
capture_review_bb8b3a65e9b2,dataset/test/Citrus pest/2025_12_20_IMG (207).JPG,2025_12_20_IMG (207).JPG,Citrus pest,test,2025-12-20,207,sequence_0056,3,C,4,0.0127345668151974,pair_b17c1b39ae923d2041bf|pair_c6e2e226f866299319b5,candidate capture sequence requiring human verification
capture_review_bb8b3a65e9b2,dataset/test/Citrus pest/2025_12_20_IMG (208).JPG,2025_12_20_IMG (208).JPG,Citrus pest,test,2025-12-20,208,sequence_0056,3,C,4,0.0066029666922986,pair_c6e2e226f866299319b5,candidate capture sequence requiring human verification
capture_review_bb8b3a65e9b2,dataset/train/Citrus pest/2025_12_20_IMG (206).JPG,2025_12_20_IMG (206).JPG,Citrus pest,train,2025-12-20,206,sequence_0056,3,C,2,0.0127345668151974,pair_b17c1b39ae923d2041bf,candidate capture sequence requiring human verification
capture_review_3e0bf1dedea6,dataset/test/Citrus pest/2025_12_20_IMG (210).JPG,2025_12_20_IMG (210).JPG,Citrus pest,test,2025-12-20,210,sequence_0057,2,C,0,0.0052070566453039,pair_3e0bf1dedea60d5059ca,candidate capture sequence requiring human verification
capture_review_3e0bf1dedea6,dataset/train/Citrus pest/2025_12_20_IMG (211).JPG,2025_12_20_IMG (211).JPG,Citrus pest,train,2025-12-20,211,sequence_0057,2,C,0,0.0052070566453039,pair_3e0bf1dedea60d5059ca,candidate capture sequence requiring human verification
capture_review_ce4255dd32de,dataset/test/Citrus pest/2025_12_20_IMG (215).JPG,2025_12_20_IMG (215).JPG,Citrus pest,test,2025-12-20,215,sequence_0058,2,C,4,0.0061813853681087,pair_ce4255dd32def7d5b5e0,candidate capture sequence requiring human verification
capture_review_ce4255dd32de,dataset/train/Citrus pest/2025_12_20_IMG (214).JPG,2025_12_20_IMG (214).JPG,Citrus pest,train,2025-12-20,214,sequence_0058,2,C,4,0.0061813853681087,pair_ce4255dd32def7d5b5e0,candidate capture sequence requiring human verification
capture_review_e5673496b0c8,dataset/test/Citrus pest/2025_12_20_IMG (220).JPG,2025_12_20_IMG (220).JPG,Citrus pest,test,2025-12-20,220,sequence_0059,2,C,0,0.0169618688523769,pair_e5673496b0c8a90469c6,candidate capture sequence requiring human verification
capture_review_e5673496b0c8,dataset/val/Citrus pest/2025_12_20_IMG (221).JPG,2025_12_20_IMG (221).JPG,Citrus pest,val,2025-12-20,221,sequence_0059,2,C,0,0.0169618688523769,pair_e5673496b0c8a90469c6,candidate capture sequence requiring human verification
capture_review_f752d4b04b41,dataset/test/Citrus pest/2025_12_20_IMG (234).JPG,2025_12_20_IMG (234).JPG,Citrus pest,test,2025-12-20,234,sequence_0060,3,C,2,0.0158812683075666,pair_1b1e69ab3f82095a4919,candidate capture sequence requiring human verification
capture_review_f752d4b04b41,dataset/train/Citrus pest/2025_12_20_IMG (233).JPG,2025_12_20_IMG (233).JPG,Citrus pest,train,2025-12-20,233,sequence_0060,3,C,2,0.0158812683075666,pair_1b1e69ab3f82095a4919|pair_916cc3a0b7aa23ec9d08,candidate capture sequence requiring human verification
capture_review_f752d4b04b41,dataset/val/Citrus pest/2025_12_20_IMG (232).JPG,2025_12_20_IMG (232).JPG,Citrus pest,val,2025-12-20,232,sequence_0060,3,C,2,0.0113839739933609,pair_916cc3a0b7aa23ec9d08,candidate capture sequence requiring human verification
capture_review_b393c1afa6c8,dataset/test/Citrus pest/2025_12_20_IMG (263).JPG,2025_12_20_IMG (263).JPG,Citrus pest,test,2025-12-20,263,sequence_0063,2,C,2,0.0177788622677326,pair_b393c1afa6c8ee301138,candidate capture sequence requiring human verification
capture_review_b393c1afa6c8,dataset/train/Citrus pest/2025_12_20_IMG (262).JPG,2025_12_20_IMG (262).JPG,Citrus pest,train,2025-12-20,262,sequence_0063,2,C,2,0.0177788622677326,pair_b393c1afa6c8ee301138,candidate capture sequence requiring human verification
capture_review_81cc72131aae,dataset/test/Citrus pest/2025_12_20_IMG (282).JPG,2025_12_20_IMG (282).JPG,Citrus pest,test,2025-12-20,282,sequence_0064,3,C,0,0.0088136354461312,pair_e01f7399017407a1233b,candidate capture sequence requiring human verification
capture_review_81cc72131aae,dataset/test/Citrus pest/2025_12_20_IMG (283).JPG,2025_12_20_IMG (283).JPG,Citrus pest,test,2025-12-20,283,sequence_0064,3,C,0,0.011577371507883,pair_e01f7399017407a1233b|pair_fbd0e2435beeffd8f093,candidate capture sequence requiring human verification
capture_review_81cc72131aae,dataset/train/Citrus pest/2025_12_20_IMG (284).JPG,2025_12_20_IMG (284).JPG,Citrus pest,train,2025-12-20,284,sequence_0064,3,C,0,0.011577371507883,pair_fbd0e2435beeffd8f093,candidate capture sequence requiring human verification
capture_review_6baebf7ac368,dataset/test/Citrus pest/2025_12_20_IMG (301).JPG,2025_12_20_IMG (301).JPG,Citrus pest,test,2025-12-20,301,sequence_0065,2,C,2,0.0204257946461439,pair_6baebf7ac36835e03e89,candidate capture sequence requiring human verification
capture_review_6baebf7ac368,dataset/train/Citrus pest/2025_12_20_IMG (300).JPG,2025_12_20_IMG (300).JPG,Citrus pest,train,2025-12-20,300,sequence_0065,2,C,2,0.0204257946461439,pair_6baebf7ac36835e03e89,candidate capture sequence requiring human verification
capture_review_71ff63e223f7,dataset/test/Citrus pest/2025_12_20_IMG (303).JPG,2025_12_20_IMG (303).JPG,Citrus pest,test,2025-12-20,303,sequence_0066,2,C,2,0.0147186471149325,pair_71ff63e223f777b5f882,candidate capture sequence requiring human verification
capture_review_71ff63e223f7,dataset/train/Citrus pest/2025_12_20_IMG (302).JPG,2025_12_20_IMG (302).JPG,Citrus pest,train,2025-12-20,302,sequence_0066,2,C,2,0.0147186471149325,pair_71ff63e223f777b5f882,candidate capture sequence requiring human verification
capture_review_6107c9a2f1cf,dataset/test/Citrus pest/2025_12_20_IMG (315).JPG,2025_12_20_IMG (315).JPG,Citrus pest,test,2025-12-20,315,sequence_0067,2,C,2,0.0077177160419523,pair_6107c9a2f1cf36575013,candidate capture sequence requiring human verification
capture_review_6107c9a2f1cf,dataset/train/Citrus pest/2025_12_20_IMG (316).JPG,2025_12_20_IMG (316).JPG,Citrus pest,train,2025-12-20,316,sequence_0067,2,C,2,0.0077177160419523,pair_6107c9a2f1cf36575013,candidate capture sequence requiring human verification
capture_review_1010b3f96b2f,dataset/test/Citrus pest/2025_12_20_IMG (368).JPG,2025_12_20_IMG (368).JPG,Citrus pest,test,2025-12-20,368,sequence_0068,2,C,2,0.0196885857731103,pair_1010b3f96b2f3eff2c82,candidate capture sequence requiring human verification
capture_review_1010b3f96b2f,dataset/train/Citrus pest/2025_12_20_IMG (369).JPG,2025_12_20_IMG (369).JPG,Citrus pest,train,2025-12-20,369,sequence_0068,2,C,2,0.0196885857731103,pair_1010b3f96b2f3eff2c82,candidate capture sequence requiring human verification
capture_review_df00be2ddc02,dataset/test/Citrus pest/2025_12_20_IMG (380).JPG,2025_12_20_IMG (380).JPG,Citrus pest,test,2025-12-20,380,sequence_0069,3,C,2,0.0102679478004574,pair_da69e46b7accf3159f6b,candidate capture sequence requiring human verification
capture_review_df00be2ddc02,dataset/train/Citrus pest/2025_12_20_IMG (378).JPG,2025_12_20_IMG (378).JPG,Citrus pest,train,2025-12-20,378,sequence_0069,3,C,4,0.0175382327288389,pair_ff3493580b46a46da19f,candidate capture sequence requiring human verification
capture_review_df00be2ddc02,dataset/train/Citrus pest/2025_12_20_IMG (379).JPG,2025_12_20_IMG (379).JPG,Citrus pest,train,2025-12-20,379,sequence_0069,3,C,4,0.0175382327288389,pair_da69e46b7accf3159f6b|pair_ff3493580b46a46da19f,candidate capture sequence requiring human verification
capture_review_bbea93a0b937,dataset/test/Citrus pest/2025_12_20_IMG (404).JPG,2025_12_20_IMG (404).JPG,Citrus pest,test,2025-12-20,404,sequence_0072,3,C,0,0.0060779848136007,pair_4b3d6333c05cae4bcfcc,candidate capture sequence requiring human verification
capture_review_bbea93a0b937,dataset/train/Citrus pest/2025_12_20_IMG (402).JPG,2025_12_20_IMG (402).JPG,Citrus pest,train,2025-12-20,402,sequence_0072,3,C,0,0.006781683769077,pair_2567558017636600e981,candidate capture sequence requiring human verification
capture_review_bbea93a0b937,dataset/train/Citrus pest/2025_12_20_IMG (403).JPG,2025_12_20_IMG (403).JPG,Citrus pest,train,2025-12-20,403,sequence_0072,3,C,0,0.006781683769077,pair_2567558017636600e981|pair_4b3d6333c05cae4bcfcc,candidate capture sequence requiring human verification
capture_review_3798a6dc97fd,dataset/test/Greening/2025_12_21_IMG (20).JPG,2025_12_21_IMG (20).JPG,Greening,test,2025-12-21,20,sequence_0074,2,C,2,0.019452104344964,pair_3798a6dc97fda5ec83d1,candidate capture sequence requiring human verification
capture_review_3798a6dc97fd,dataset/train/Greening/2025_12_21_IMG (19).JPG,2025_12_21_IMG (19).JPG,Greening,train,2025-12-21,19,sequence_0074,2,C,2,0.019452104344964,pair_3798a6dc97fda5ec83d1,candidate capture sequence requiring human verification
capture_review_cc2d0d5abcba,dataset/test/Greening/2025_12_21_IMG (254).JPG,2025_12_21_IMG (254).JPG,Greening,test,2025-12-21,254,sequence_0075,2,C,4,0.0275470409542322,pair_cc2d0d5abcbac7da067c,candidate capture sequence requiring human verification
capture_review_cc2d0d5abcba,dataset/train/Greening/2025_12_21_IMG (253).JPG,2025_12_21_IMG (253).JPG,Greening,train,2025-12-21,253,sequence_0075,2,C,4,0.0275470409542322,pair_cc2d0d5abcbac7da067c,candidate capture sequence requiring human verification
capture_review_f1fc33ae39fc,dataset/test/Greening/2025_12_21_IMG (256).JPG,2025_12_21_IMG (256).JPG,Greening,test,2025-12-21,256,sequence_0075,6,C,2,0.0199027266353368,pair_df2ea1e2583c549f0c94|pair_e6d017e2861f1dff0039,candidate capture sequence requiring human verification
capture_review_f1fc33ae39fc,dataset/test/Greening/2025_12_21_IMG (258).JPG,2025_12_21_IMG (258).JPG,Greening,test,2025-12-21,258,sequence_0075,6,C,4,0.0158413741737604,pair_33ac63afb937b96d3b60|pair_cd365e3289b697d0012b,candidate capture sequence requiring human verification
capture_review_f1fc33ae39fc,dataset/train/Greening/2025_12_21_IMG (255).JPG,2025_12_21_IMG (255).JPG,Greening,train,2025-12-21,255,sequence_0075,6,C,2,0.0174191948026418,pair_df2ea1e2583c549f0c94,candidate capture sequence requiring human verification
capture_review_f1fc33ae39fc,dataset/train/Greening/2025_12_21_IMG (257).JPG,2025_12_21_IMG (257).JPG,Greening,train,2025-12-21,257,sequence_0075,6,C,2,0.0199027266353368,pair_33ac63afb937b96d3b60|pair_e6d017e2861f1dff0039,candidate capture sequence requiring human verification
capture_review_f1fc33ae39fc,dataset/train/Greening/2025_12_21_IMG (259).JPG,2025_12_21_IMG (259).JPG,Greening,train,2025-12-21,259,sequence_0075,6,C,4,0.0137733602896332,pair_cd365e3289b697d0012b|pair_fe6b5d74692b47e7ddae,candidate capture sequence requiring human verification
capture_review_f1fc33ae39fc,dataset/train/Greening/2025_12_21_IMG (260).JPG,2025_12_21_IMG (260).JPG,Greening,train,2025-12-21,260,sequence_0075,6,C,2,0.0137733602896332,pair_fe6b5d74692b47e7ddae,candidate capture sequence requiring human verification
capture_review_423d07bc66ce,dataset/test/Greening/2025_12_21_IMG (274).JPG,2025_12_21_IMG (274).JPG,Greening,test,2025-12-21,274,sequence_0076,2,C,4,0.0271710958331823,pair_423d07bc66cea86f134d,candidate capture sequence requiring human verification
capture_review_423d07bc66ce,dataset/train/Greening/2025_12_21_IMG (275).JPG,2025_12_21_IMG (275).JPG,Greening,train,2025-12-21,275,sequence_0076,2,C,4,0.0271710958331823,pair_423d07bc66cea86f134d,candidate capture sequence requiring human verification
capture_review_2bbaf6f8c056,dataset/test/Greening/2025_12_21_IMG (5).JPG,2025_12_21_IMG (5).JPG,Greening,test,2025-12-21,5,sequence_0078,2,C,0,0.0118853403255343,pair_2bbaf6f8c05620e9628a,candidate capture sequence requiring human verification
capture_review_2bbaf6f8c056,dataset/train/Greening/2025_12_21_IMG (6).JPG,2025_12_21_IMG (6).JPG,Greening,train,2025-12-21,6,sequence_0078,2,C,0,0.0118853403255343,pair_2bbaf6f8c05620e9628a,candidate capture sequence requiring human verification
capture_review_67df1f10cff0,dataset/test/Greening/2025_12_21_IMG (56).JPG,2025_12_21_IMG (56).JPG,Greening,test,2025-12-21,56,sequence_0079,2,C,2,0.0124061740934848,pair_67df1f10cff05fed3c38,candidate capture sequence requiring human verification
capture_review_67df1f10cff0,dataset/val/Greening/2025_12_21_IMG (57).JPG,2025_12_21_IMG (57).JPG,Greening,val,2025-12-21,57,sequence_0079,2,C,2,0.0124061740934848,pair_67df1f10cff05fed3c38,candidate capture sequence requiring human verification
capture_review_35c24e63ac96,dataset/test/Healthy leaf/2025_11_21_IMG (101).JPG,2025_11_21_IMG (101).JPG,Healthy leaf,test,2025-11-21,101,sequence_0080,2,C,4,0.0245257597416639,pair_35c24e63ac960ea79e46,candidate capture sequence requiring human verification
capture_review_35c24e63ac96,dataset/train/Healthy leaf/2025_11_21_IMG (102).JPG,2025_11_21_IMG (102).JPG,Healthy leaf,train,2025-11-21,102,sequence_0080,2,C,4,0.0245257597416639,pair_35c24e63ac960ea79e46,candidate capture sequence requiring human verification
capture_review_716b417e8bdf,dataset/test/Healthy leaf/2025_11_21_IMG (11).JPG,2025_11_21_IMG (11).JPG,Healthy leaf,test,2025-11-21,11,sequence_0081,3,C,2,0.00739506771788,pair_9f6a9ac57443113c28be,candidate capture sequence requiring human verification
capture_review_716b417e8bdf,dataset/train/Healthy leaf/2025_11_21_IMG (10).JPG,2025_11_21_IMG (10).JPG,Healthy leaf,train,2025-11-21,10,sequence_0081,3,C,2,0.014198132790625,pair_9f6a9ac57443113c28be|pair_af24f24d6b71b217c418,candidate capture sequence requiring human verification
capture_review_716b417e8bdf,dataset/train/Healthy leaf/2025_11_21_IMG (9).JPG,2025_11_21_IMG (9).JPG,Healthy leaf,train,2025-11-21,9,sequence_0081,3,C,2,0.014198132790625,pair_af24f24d6b71b217c418,candidate capture sequence requiring human verification
capture_review_795fdb3ca345,dataset/test/Healthy leaf/2025_11_21_IMG (135).JPG,2025_11_21_IMG (135).JPG,Healthy leaf,test,2025-11-21,135,sequence_0084,2,A,0,0.0,pair_795fdb3ca345e6dbf529,candidate capture sequence requiring human verification
capture_review_795fdb3ca345,dataset/val/Healthy leaf/2025_11_21_IMG (136).JPG,2025_11_21_IMG (136).JPG,Healthy leaf,val,2025-11-21,136,sequence_0084,2,A,0,0.0,pair_795fdb3ca345e6dbf529,candidate capture sequence requiring human verification
capture_review_9f9c8ac67258,dataset/test/Healthy leaf/2025_11_21_IMG (172).JPG,2025_11_21_IMG (172).JPG,Healthy leaf,test,2025-11-21,172,sequence_0085,2,C,2,0.0062072351574897,pair_9f9c8ac672587fb9dbb2,candidate capture sequence requiring human verification
capture_review_9f9c8ac67258,dataset/train/Healthy leaf/2025_11_21_IMG (171).JPG,2025_11_21_IMG (171).JPG,Healthy leaf,train,2025-11-21,171,sequence_0085,2,C,2,0.0062072351574897,pair_9f9c8ac672587fb9dbb2,candidate capture sequence requiring human verification
capture_review_d79a41f8292e,dataset/test/Healthy leaf/2025_11_21_IMG (2).JPG,2025_11_21_IMG (2).JPG,Healthy leaf,test,2025-11-21,2,sequence_0086,2,C,4,0.0146736502647399,pair_d79a41f8292e5c1dadc9,candidate capture sequence requiring human verification
capture_review_d79a41f8292e,dataset/train/Healthy leaf/2025_11_21_IMG (1).JPG,2025_11_21_IMG (1).JPG,Healthy leaf,train,2025-11-21,1,sequence_0086,2,C,4,0.0146736502647399,pair_d79a41f8292e5c1dadc9,candidate capture sequence requiring human verification
capture_review_7f75135cebde,dataset/test/Healthy leaf/2025_11_21_IMG (227).JPG,2025_11_21_IMG (227).JPG,Healthy leaf,test,2025-11-21,227,sequence_0087,2,C,2,0.0148906633257865,pair_7f75135cebde706e81c4,candidate capture sequence requiring human verification
capture_review_7f75135cebde,dataset/train/Healthy leaf/2025_11_21_IMG (226).JPG,2025_11_21_IMG (226).JPG,Healthy leaf,train,2025-11-21,226,sequence_0087,2,C,2,0.0148906633257865,pair_7f75135cebde706e81c4,candidate capture sequence requiring human verification
capture_review_bfefa7f35825,dataset/test/Healthy leaf/2025_11_21_IMG (254).JPG,2025_11_21_IMG (254).JPG,Healthy leaf,test,2025-11-21,254,sequence_0088,8,B|C,2,0.0061076642014086,pair_5beed25e60799f5b4f06|pair_a6d73b1f3bf2e34b6d59,candidate capture sequence requiring human verification
capture_review_bfefa7f35825,dataset/test/Healthy leaf/2025_11_21_IMG (256).JPG,2025_11_21_IMG (256).JPG,Healthy leaf,test,2025-11-21,256,sequence_0088,8,B|C,4,0.0126825468614697,pair_64a05086db4c45874da9|pair_9e052a675ff59a6f924d,candidate capture sequence requiring human verification
capture_review_bfefa7f35825,dataset/test/Healthy leaf/2025_11_21_IMG (258).JPG,2025_11_21_IMG (258).JPG,Healthy leaf,test,2025-11-21,258,sequence_0088,8,C,0,0.0095029743388295,pair_021e590b68270277af24,candidate capture sequence requiring human verification
capture_review_bfefa7f35825,dataset/train/Healthy leaf/2025_11_21_IMG (252).JPG,2025_11_21_IMG (252).JPG,Healthy leaf,train,2025-11-21,252,sequence_0088,8,C,4,0.0211502369493246,pair_7b50a6cb6abd8f1a8560|pair_cf05312c051334e190af,candidate capture sequence requiring human verification
capture_review_bfefa7f35825,dataset/train/Healthy leaf/2025_11_21_IMG (255).JPG,2025_11_21_IMG (255).JPG,Healthy leaf,train,2025-11-21,255,sequence_0088,8,C,4,0.0126825468614697,pair_5beed25e60799f5b4f06|pair_64a05086db4c45874da9,candidate capture sequence requiring human verification
capture_review_bfefa7f35825,dataset/val/Healthy leaf/2025_11_21_IMG (251).JPG,2025_11_21_IMG (251).JPG,Healthy leaf,val,2025-11-21,251,sequence_0088,8,C,4,0.0211502369493246,pair_cf05312c051334e190af,candidate capture sequence requiring human verification
capture_review_bfefa7f35825,dataset/val/Healthy leaf/2025_11_21_IMG (253).JPG,2025_11_21_IMG (253).JPG,Healthy leaf,val,2025-11-21,253,sequence_0088,8,B|C,4,0.0066948779858648,pair_7b50a6cb6abd8f1a8560|pair_a6d73b1f3bf2e34b6d59,candidate capture sequence requiring human verification
capture_review_bfefa7f35825,dataset/val/Healthy leaf/2025_11_21_IMG (257).JPG,2025_11_21_IMG (257).JPG,Healthy leaf,val,2025-11-21,257,sequence_0088,8,B|C,0,0.0095029743388295,pair_021e590b68270277af24|pair_9e052a675ff59a6f924d,candidate capture sequence requiring human verification
capture_review_91283c9e4eac,dataset/test/Healthy leaf/2025_11_21_IMG (264).JPG,2025_11_21_IMG (264).JPG,Healthy leaf,test,2025-11-21,264,sequence_0089,6,C,4,0.0235641971230506,pair_3c8027829a22504452ad|pair_c4de27c1e715b428d3d4,candidate capture sequence requiring human verification
capture_review_91283c9e4eac,dataset/train/Healthy leaf/2025_11_21_IMG (262).JPG,2025_11_21_IMG (262).JPG,Healthy leaf,train,2025-11-21,262,sequence_0089,6,C,4,0.0214122477918863,pair_7a9dec3d8266e6253ea3|pair_e8509d19c31ae301cb15,candidate capture sequence requiring human verification
capture_review_91283c9e4eac,dataset/train/Healthy leaf/2025_11_21_IMG (263).JPG,2025_11_21_IMG (263).JPG,Healthy leaf,train,2025-11-21,263,sequence_0089,6,C,4,0.0172624979168176,pair_3c8027829a22504452ad|pair_e8509d19c31ae301cb15,candidate capture sequence requiring human verification
capture_review_91283c9e4eac,dataset/train/Healthy leaf/2025_11_21_IMG (265).JPG,2025_11_21_IMG (265).JPG,Healthy leaf,train,2025-11-21,265,sequence_0089,6,C,4,0.0235641971230506,pair_c4de27c1e715b428d3d4,candidate capture sequence requiring human verification
capture_review_91283c9e4eac,dataset/val/Healthy leaf/2025_11_21_IMG (260).JPG,2025_11_21_IMG (260).JPG,Healthy leaf,val,2025-11-21,260,sequence_0089,6,C,4,0.0286126416176557,pair_926cec1707a840fe9308,candidate capture sequence requiring human verification
capture_review_91283c9e4eac,dataset/val/Healthy leaf/2025_11_21_IMG (261).JPG,2025_11_21_IMG (261).JPG,Healthy leaf,val,2025-11-21,261,sequence_0089,6,C,4,0.0286126416176557,pair_7a9dec3d8266e6253ea3|pair_926cec1707a840fe9308,candidate capture sequence requiring human verification
capture_review_7742b8ed6b9a,dataset/test/Healthy leaf/2025_11_21_IMG (266).JPG,2025_11_21_IMG (266).JPG,Healthy leaf,test,2025-11-21,266,sequence_0090,2,C,2,0.0079557923600077,pair_7742b8ed6b9af61880ec,candidate capture sequence requiring human verification
capture_review_7742b8ed6b9a,dataset/val/Healthy leaf/2025_11_21_IMG (267).JPG,2025_11_21_IMG (267).JPG,Healthy leaf,val,2025-11-21,267,sequence_0090,2,C,2,0.0079557923600077,pair_7742b8ed6b9af61880ec,candidate capture sequence requiring human verification
capture_review_cdf86de7c5a9,dataset/test/Healthy leaf/2025_11_21_IMG (273).JPG,2025_11_21_IMG (273).JPG,Healthy leaf,test,2025-11-21,273,sequence_0091,5,C,2,0.0242621526122093,pair_083354b8db4b4a5ece2f|pair_47e52c2bf62d60107ecf,candidate capture sequence requiring human verification
capture_review_cdf86de7c5a9,dataset/test/Healthy leaf/2025_11_21_IMG (274).JPG,2025_11_21_IMG (274).JPG,Healthy leaf,test,2025-11-21,274,sequence_0091,5,C,2,0.0242621526122093,pair_083354b8db4b4a5ece2f,candidate capture sequence requiring human verification
capture_review_cdf86de7c5a9,dataset/train/Healthy leaf/2025_11_21_IMG (270).JPG,2025_11_21_IMG (270).JPG,Healthy leaf,train,2025-11-21,270,sequence_0091,5,C,0,0.020663870498538,pair_9a4068d05ff1c1576d59,candidate capture sequence requiring human verification
capture_review_cdf86de7c5a9,dataset/train/Healthy leaf/2025_11_21_IMG (271).JPG,2025_11_21_IMG (271).JPG,Healthy leaf,train,2025-11-21,271,sequence_0091,5,C,4,0.020663870498538,pair_9a4068d05ff1c1576d59|pair_bbef1e6f76e50c18282a,candidate capture sequence requiring human verification
capture_review_cdf86de7c5a9,dataset/train/Healthy leaf/2025_11_21_IMG (272).JPG,2025_11_21_IMG (272).JPG,Healthy leaf,train,2025-11-21,272,sequence_0091,5,C,4,0.0205633416771888,pair_47e52c2bf62d60107ecf|pair_bbef1e6f76e50c18282a,candidate capture sequence requiring human verification
capture_review_a3134a0064aa,dataset/test/Healthy leaf/2025_11_21_IMG (292).JPG,2025_11_21_IMG (292).JPG,Healthy leaf,test,2025-11-21,292,sequence_0092,5,B,2,0.0140854762867093,pair_322a8c0b7d1360c3ae63,candidate capture sequence requiring human verification
capture_review_a3134a0064aa,dataset/train/Healthy leaf/2025_11_21_IMG (288).JPG,2025_11_21_IMG (288).JPG,Healthy leaf,train,2025-11-21,288,sequence_0092,5,C,0,0.0108028231188654,pair_619973e4d4d668d79cae,candidate capture sequence requiring human verification
capture_review_a3134a0064aa,dataset/train/Healthy leaf/2025_11_21_IMG (289).JPG,2025_11_21_IMG (289).JPG,Healthy leaf,train,2025-11-21,289,sequence_0092,5,B|C,2,0.0108028231188654,pair_619973e4d4d668d79cae|pair_6c9985559ddb2fd8f8ad,candidate capture sequence requiring human verification
capture_review_a3134a0064aa,dataset/train/Healthy leaf/2025_11_21_IMG (290).JPG,2025_11_21_IMG (290).JPG,Healthy leaf,train,2025-11-21,290,sequence_0092,5,B,2,0.0088551240041852,pair_6c9985559ddb2fd8f8ad|pair_afb0c3d47f601c85c522,candidate capture sequence requiring human verification
capture_review_a3134a0064aa,dataset/val/Healthy leaf/2025_11_21_IMG (291).JPG,2025_11_21_IMG (291).JPG,Healthy leaf,val,2025-11-21,291,sequence_0092,5,B,2,0.0140854762867093,pair_322a8c0b7d1360c3ae63|pair_afb0c3d47f601c85c522,candidate capture sequence requiring human verification
capture_review_fcd6fa4a1e9e,dataset/test/Healthy leaf/2025_11_21_IMG (35).JPG,2025_11_21_IMG (35).JPG,Healthy leaf,test,2025-11-21,35,sequence_0093,2,C,2,0.0205649379640817,pair_fcd6fa4a1e9eb8b38d9b,candidate capture sequence requiring human verification
capture_review_fcd6fa4a1e9e,dataset/train/Healthy leaf/2025_11_21_IMG (34).JPG,2025_11_21_IMG (34).JPG,Healthy leaf,train,2025-11-21,34,sequence_0093,2,C,2,0.0205649379640817,pair_fcd6fa4a1e9eb8b38d9b,candidate capture sequence requiring human verification
capture_review_562a24a84be2,dataset/test/Healthy leaf/2025_11_21_IMG (79).JPG,2025_11_21_IMG (79).JPG,Healthy leaf,test,2025-11-21,79,sequence_0094,4,C,2,0.0077036744914948,pair_a0ad399b2eb0f18324e3,candidate capture sequence requiring human verification
capture_review_562a24a84be2,dataset/train/Healthy leaf/2025_11_21_IMG (76).JPG,2025_11_21_IMG (76).JPG,Healthy leaf,train,2025-11-21,76,sequence_0094,4,C,2,0.0116884326562285,pair_6cdddb8d0633c376ef1e,candidate capture sequence requiring human verification
capture_review_562a24a84be2,dataset/train/Healthy leaf/2025_11_21_IMG (77).JPG,2025_11_21_IMG (77).JPG,Healthy leaf,train,2025-11-21,77,sequence_0094,4,C,2,0.0116884326562285,pair_643e5506e62f1d90b503|pair_6cdddb8d0633c376ef1e,candidate capture sequence requiring human verification
capture_review_562a24a84be2,dataset/train/Healthy leaf/2025_11_21_IMG (78).JPG,2025_11_21_IMG (78).JPG,Healthy leaf,train,2025-11-21,78,sequence_0094,4,C,2,0.0099663631990551,pair_643e5506e62f1d90b503|pair_a0ad399b2eb0f18324e3,candidate capture sequence requiring human verification
capture_review_c8c00926705e,dataset/test/Healthy leaf/2025_11_21_IMG (80).JPG,2025_11_21_IMG (80).JPG,Healthy leaf,test,2025-11-21,80,sequence_0095,2,C,2,0.0079436646774411,pair_c8c00926705e98b6daa6,candidate capture sequence requiring human verification
capture_review_c8c00926705e,dataset/train/Healthy leaf/2025_11_21_IMG (81).JPG,2025_11_21_IMG (81).JPG,Healthy leaf,train,2025-11-21,81,sequence_0095,2,C,2,0.0079436646774411,pair_c8c00926705e98b6daa6,candidate capture sequence requiring human verification
capture_review_b88905196581,dataset/train/Algal leaf spot/2025_12_21_IMG (127).JPG,2025_12_21_IMG (127).JPG,Algal leaf spot,train,2025-12-21,127,sequence_0100,4,C,2,0.0123831955716013,pair_1f2ebbb46338d0d928c7,candidate capture sequence requiring human verification
capture_review_b88905196581,dataset/train/Algal leaf spot/2025_12_21_IMG (128).JPG,2025_12_21_IMG (128).JPG,Algal leaf spot,train,2025-12-21,128,sequence_0100,4,C,2,0.0123831955716013,pair_1f2ebbb46338d0d928c7|pair_9fbb957c7db39ec73040,candidate capture sequence requiring human verification
capture_review_b88905196581,dataset/train/Algal leaf spot/2025_12_21_IMG (129).JPG,2025_12_21_IMG (129).JPG,Algal leaf spot,train,2025-12-21,129,sequence_0100,4,C,0,0.0163079556077718,pair_112987d5eddcc6683f60|pair_9fbb957c7db39ec73040,candidate capture sequence requiring human verification
capture_review_b88905196581,dataset/val/Algal leaf spot/2025_12_21_IMG (130).JPG,2025_12_21_IMG (130).JPG,Algal leaf spot,val,2025-12-21,130,sequence_0100,4,C,0,0.0163079556077718,pair_112987d5eddcc6683f60,candidate capture sequence requiring human verification
capture_review_81ce1016de4d,dataset/train/Algal leaf spot/2025_12_21_IMG (13).JPG,2025_12_21_IMG (13).JPG,Algal leaf spot,train,2025-12-21,13,sequence_0101,2,C,0,0.01144939661026,pair_81ce1016de4d3106c9fa,candidate capture sequence requiring human verification
capture_review_81ce1016de4d,dataset/val/Algal leaf spot/2025_12_21_IMG (12).JPG,2025_12_21_IMG (12).JPG,Algal leaf spot,val,2025-12-21,12,sequence_0101,2,C,0,0.01144939661026,pair_81ce1016de4d3106c9fa,candidate capture sequence requiring human verification
capture_review_a7ef1387ffd6,dataset/train/Algal leaf spot/2025_12_21_IMG (137).JPG,2025_12_21_IMG (137).JPG,Algal leaf spot,train,2025-12-21,137,sequence_0102,3,C,4,0.009563292376697,pair_50c8cdd9dc39e84a3335|pair_c77cf4a79d10b274ad01,candidate capture sequence requiring human verification
capture_review_a7ef1387ffd6,dataset/val/Algal leaf spot/2025_12_21_IMG (136).JPG,2025_12_21_IMG (136).JPG,Algal leaf spot,val,2025-12-21,136,sequence_0102,3,C,4,0.009563292376697,pair_50c8cdd9dc39e84a3335,candidate capture sequence requiring human verification
capture_review_a7ef1387ffd6,dataset/val/Algal leaf spot/2025_12_21_IMG (138).JPG,2025_12_21_IMG (138).JPG,Algal leaf spot,val,2025-12-21,138,sequence_0102,3,C,4,0.0066067962907254,pair_c77cf4a79d10b274ad01,candidate capture sequence requiring human verification
capture_review_c84e1cbbc306,dataset/train/Algal leaf spot/2025_12_21_IMG (175).JPG,2025_12_21_IMG (175).JPG,Algal leaf spot,train,2025-12-21,175,sequence_0106,3,C,2,0.0065333950333297,pair_9399904d007c502bfd1a|pair_dffaf6e14f07951e34e6,candidate capture sequence requiring human verification
capture_review_c84e1cbbc306,dataset/train/Algal leaf spot/2025_12_21_IMG (176).JPG,2025_12_21_IMG (176).JPG,Algal leaf spot,train,2025-12-21,176,sequence_0106,3,C,0,0.0065333950333297,pair_9399904d007c502bfd1a,candidate capture sequence requiring human verification
capture_review_c84e1cbbc306,dataset/val/Algal leaf spot/2025_12_21_IMG (174).JPG,2025_12_21_IMG (174).JPG,Algal leaf spot,val,2025-12-21,174,sequence_0106,3,C,2,0.0064510568045079,pair_dffaf6e14f07951e34e6,candidate capture sequence requiring human verification
capture_review_7c184f810a4e,dataset/train/Algal leaf spot/2025_12_21_IMG (181).JPG,2025_12_21_IMG (181).JPG,Algal leaf spot,train,2025-12-21,181,sequence_0107,3,C,0,0.006935189012438,pair_1c33eaaec97c8e696399,candidate capture sequence requiring human verification
capture_review_7c184f810a4e,dataset/train/Algal leaf spot/2025_12_21_IMG (182).JPG,2025_12_21_IMG (182).JPG,Algal leaf spot,train,2025-12-21,182,sequence_0107,3,C,0,0.006935189012438,pair_1c33eaaec97c8e696399|pair_a442766df9ed2d6e51a4,candidate capture sequence requiring human verification
capture_review_7c184f810a4e,dataset/val/Algal leaf spot/2025_12_21_IMG (183).JPG,2025_12_21_IMG (183).JPG,Algal leaf spot,val,2025-12-21,183,sequence_0107,3,C,0,0.0043297461234033,pair_a442766df9ed2d6e51a4,candidate capture sequence requiring human verification
capture_review_cd4377efc2f3,dataset/train/Algal leaf spot/2025_12_21_IMG (279).JPG,2025_12_21_IMG (279).JPG,Algal leaf spot,train,2025-12-21,279,sequence_0117,3,C,2,0.0087529998272657,pair_65246bb1f5b512046f11|pair_f7a7f7d4a64b9528e798,candidate capture sequence requiring human verification
capture_review_cd4377efc2f3,dataset/train/Algal leaf spot/2025_12_21_IMG (280).JPG,2025_12_21_IMG (280).JPG,Algal leaf spot,train,2025-12-21,280,sequence_0117,3,C,0,0.0070398668758571,pair_f7a7f7d4a64b9528e798,candidate capture sequence requiring human verification
capture_review_cd4377efc2f3,dataset/val/Algal leaf spot/2025_12_21_IMG (278).JPG,2025_12_21_IMG (278).JPG,Algal leaf spot,val,2025-12-21,278,sequence_0117,3,C,2,0.0087529998272657,pair_65246bb1f5b512046f11,candidate capture sequence requiring human verification
capture_review_624939d4b768,dataset/train/Algal leaf spot/2025_12_21_IMG (45).JPG,2025_12_21_IMG (45).JPG,Algal leaf spot,train,2025-12-21,45,sequence_0124,4,C,4,0.0234805848449468,pair_2b3b30351e8b3e5358a0|pair_e4fedfca5055eedf59d5,candidate capture sequence requiring human verification
capture_review_624939d4b768,dataset/train/Algal leaf spot/2025_12_21_IMG (46).JPG,2025_12_21_IMG (46).JPG,Algal leaf spot,train,2025-12-21,46,sequence_0124,4,C,2,0.0134034799411892,pair_e4fedfca5055eedf59d5|pair_e584d18b56c59e96416c,candidate capture sequence requiring human verification
capture_review_624939d4b768,dataset/val/Algal leaf spot/2025_12_21_IMG (44).JPG,2025_12_21_IMG (44).JPG,Algal leaf spot,val,2025-12-21,44,sequence_0124,4,C,4,0.0234805848449468,pair_2b3b30351e8b3e5358a0,candidate capture sequence requiring human verification
capture_review_624939d4b768,dataset/val/Algal leaf spot/2025_12_21_IMG (47).JPG,2025_12_21_IMG (47).JPG,Algal leaf spot,val,2025-12-21,47,sequence_0124,4,C,0,0.0052680126391351,pair_e584d18b56c59e96416c,candidate capture sequence requiring human verification
capture_review_19f02b711347,dataset/train/Algal leaf spot/2025_12_21_IMG (7).JPG,2025_12_21_IMG (7).JPG,Algal leaf spot,train,2025-12-21,7,sequence_0128,2,C,0,0.0088487416505813,pair_19f02b7113476bb205cb,candidate capture sequence requiring human verification
capture_review_19f02b711347,dataset/val/Algal leaf spot/2025_12_21_IMG (6).JPG,2025_12_21_IMG (6).JPG,Algal leaf spot,val,2025-12-21,6,sequence_0128,2,C,0,0.0088487416505813,pair_19f02b7113476bb205cb,candidate capture sequence requiring human verification
capture_review_ad73b886aab7,dataset/train/Algal leaf spot/2025_12_21_IMG (95).JPG,2025_12_21_IMG (95).JPG,Algal leaf spot,train,2025-12-21,95,sequence_0132,2,C,2,0.0274264067411422,pair_ad73b886aab7a5d4358a,candidate capture sequence requiring human verification
capture_review_ad73b886aab7,dataset/val/Algal leaf spot/2025_12_21_IMG (94).JPG,2025_12_21_IMG (94).JPG,Algal leaf spot,val,2025-12-21,94,sequence_0132,2,C,2,0.0274264067411422,pair_ad73b886aab7a5d4358a,candidate capture sequence requiring human verification
capture_review_665f78dd39ec,dataset/train/Black spot/2025_12_20_IMG (129).JPG,2025_12_20_IMG (129).JPG,Black spot,train,2025-12-20,129,sequence_0142,2,C,4,0.0222298800945281,pair_665f78dd39ec728cb7ba,candidate capture sequence requiring human verification
capture_review_665f78dd39ec,dataset/val/Black spot/2025_12_20_IMG (130).JPG,2025_12_20_IMG (130).JPG,Black spot,val,2025-12-20,130,sequence_0142,2,C,4,0.0222298800945281,pair_665f78dd39ec728cb7ba,candidate capture sequence requiring human verification
capture_review_b6ecf0969cd6,dataset/train/Black spot/2025_12_20_IMG (132).JPG,2025_12_20_IMG (132).JPG,Black spot,train,2025-12-20,132,sequence_0143,2,C,4,0.0255690235644578,pair_b6ecf0969cd6a1a39439,candidate capture sequence requiring human verification
capture_review_b6ecf0969cd6,dataset/val/Black spot/2025_12_20_IMG (131).JPG,2025_12_20_IMG (131).JPG,Black spot,val,2025-12-20,131,sequence_0143,2,C,4,0.0255690235644578,pair_b6ecf0969cd6a1a39439,candidate capture sequence requiring human verification
capture_review_c5b835f1ef06,dataset/train/Black spot/2025_12_20_IMG (14).JPG,2025_12_20_IMG (14).JPG,Black spot,train,2025-12-20,14,sequence_0145,2,C,2,0.0113061042502522,pair_c5b835f1ef06222a5e57,candidate capture sequence requiring human verification
capture_review_c5b835f1ef06,dataset/val/Black spot/2025_12_20_IMG (15).JPG,2025_12_20_IMG (15).JPG,Black spot,val,2025-12-20,15,sequence_0145,2,C,2,0.0113061042502522,pair_c5b835f1ef06222a5e57,candidate capture sequence requiring human verification
capture_review_48126e8ad1ee,dataset/train/Black spot/2025_12_20_IMG (152).JPG,2025_12_20_IMG (152).JPG,Black spot,train,2025-12-20,152,sequence_0146,2,C,2,0.0181669350713491,pair_48126e8ad1ee44adf3a9,candidate capture sequence requiring human verification
capture_review_48126e8ad1ee,dataset/val/Black spot/2025_12_20_IMG (151).JPG,2025_12_20_IMG (151).JPG,Black spot,val,2025-12-20,151,sequence_0146,2,C,2,0.0181669350713491,pair_48126e8ad1ee44adf3a9,candidate capture sequence requiring human verification
capture_review_8b121a684f94,dataset/train/Black spot/2025_12_20_IMG (173).JPG,2025_12_20_IMG (173).JPG,Black spot,train,2025-12-20,173,sequence_0150,2,C,0,0.0120739517733454,pair_8b121a684f943ebacf59,candidate capture sequence requiring human verification
capture_review_8b121a684f94,dataset/val/Black spot/2025_12_20_IMG (174).JPG,2025_12_20_IMG (174).JPG,Black spot,val,2025-12-20,174,sequence_0150,2,C,0,0.0120739517733454,pair_8b121a684f943ebacf59,candidate capture sequence requiring human verification
capture_review_24b5a53dc6a0,dataset/train/Black spot/2025_12_20_IMG (195).JPG,2025_12_20_IMG (195).JPG,Black spot,train,2025-12-20,195,sequence_0155,2,C,2,0.0136179402470588,pair_24b5a53dc6a0c19c3d03,candidate capture sequence requiring human verification
capture_review_24b5a53dc6a0,dataset/val/Black spot/2025_12_20_IMG (196).JPG,2025_12_20_IMG (196).JPG,Black spot,val,2025-12-20,196,sequence_0155,2,C,2,0.0136179402470588,pair_24b5a53dc6a0c19c3d03,candidate capture sequence requiring human verification
capture_review_cc638b3c3a8e,dataset/train/Black spot/2025_12_20_IMG (275).JPG,2025_12_20_IMG (275).JPG,Black spot,train,2025-12-20,275,sequence_0165,2,C,4,0.0245972480624914,pair_cc638b3c3a8e718aba56,candidate capture sequence requiring human verification
capture_review_cc638b3c3a8e,dataset/val/Black spot/2025_12_20_IMG (276).JPG,2025_12_20_IMG (276).JPG,Black spot,val,2025-12-20,276,sequence_0165,2,C,4,0.0245972480624914,pair_cc638b3c3a8e718aba56,candidate capture sequence requiring human verification
capture_review_72dfd928c4eb,dataset/train/Black spot/2025_12_20_IMG (5).JPG,2025_12_20_IMG (5).JPG,Black spot,train,2025-12-20,5,sequence_0175,3,C,4,0.0196068864315748,pair_95dd697ed3cf1ebf0ee4,candidate capture sequence requiring human verification
capture_review_72dfd928c4eb,dataset/train/Black spot/2025_12_20_IMG (6).JPG,2025_12_20_IMG (6).JPG,Black spot,train,2025-12-20,6,sequence_0175,3,C,4,0.0196068864315748,pair_55bc69a19ee06ab6971e|pair_95dd697ed3cf1ebf0ee4,candidate capture sequence requiring human verification
capture_review_72dfd928c4eb,dataset/val/Black spot/2025_12_20_IMG (7).JPG,2025_12_20_IMG (7).JPG,Black spot,val,2025-12-20,7,sequence_0175,3,C,2,0.0067855138331651,pair_55bc69a19ee06ab6971e,candidate capture sequence requiring human verification
capture_review_cbec4e842d1d,dataset/train/Black spot/2025_12_20_IMG (63).JPG,2025_12_20_IMG (63).JPG,Black spot,train,2025-12-20,63,sequence_0179,2,C,4,0.0193078536540269,pair_cbec4e842d1d03809bb7,candidate capture sequence requiring human verification
capture_review_cbec4e842d1d,dataset/val/Black spot/2025_12_20_IMG (62).JPG,2025_12_20_IMG (62).JPG,Black spot,val,2025-12-20,62,sequence_0179,2,C,4,0.0193078536540269,pair_cbec4e842d1d03809bb7,candidate capture sequence requiring human verification
capture_review_1bd1fdd37121,dataset/train/Citrus canker/2025_12_21_IMG (364).JPG,2025_12_21_IMG (364).JPG,Citrus canker,train,2025-12-21,364,sequence_0188,3,C,4,0.0111098336055874,pair_57f282357e950af07d96|pair_a6571383a775a2dca128,candidate capture sequence requiring human verification
capture_review_1bd1fdd37121,dataset/train/Citrus canker/2025_12_21_IMG (365).JPG,2025_12_21_IMG (365).JPG,Citrus canker,train,2025-12-21,365,sequence_0188,3,C,4,0.0111098336055874,pair_57f282357e950af07d96,candidate capture sequence requiring human verification
capture_review_1bd1fdd37121,dataset/val/Citrus canker/2025_12_21_IMG (363).JPG,2025_12_21_IMG (363).JPG,Citrus canker,val,2025-12-21,363,sequence_0188,3,C,0,0.006938699632883,pair_a6571383a775a2dca128,candidate capture sequence requiring human verification
capture_review_8522a5bfc25b,dataset/train/Citrus canker/2025_12_21_IMG (392).JPG,2025_12_21_IMG (392).JPG,Citrus canker,train,2025-12-21,392,sequence_0194,2,C,4,0.0133243324235081,pair_8522a5bfc25bc08701ef,candidate capture sequence requiring human verification
capture_review_8522a5bfc25b,dataset/val/Citrus canker/2025_12_21_IMG (391).JPG,2025_12_21_IMG (391).JPG,Citrus canker,val,2025-12-21,391,sequence_0194,2,C,4,0.0133243324235081,pair_8522a5bfc25bc08701ef,candidate capture sequence requiring human verification
capture_review_c0a8b826c200,dataset/train/Citrus canker/2025_12_21_IMG (403).JPG,2025_12_21_IMG (403).JPG,Citrus canker,train,2025-12-21,403,sequence_0197,2,C,4,0.0187148954719305,pair_c0a8b826c20053a9eb25,candidate capture sequence requiring human verification
capture_review_c0a8b826c200,dataset/val/Citrus canker/2025_12_21_IMG (404).JPG,2025_12_21_IMG (404).JPG,Citrus canker,val,2025-12-21,404,sequence_0197,2,C,4,0.0187148954719305,pair_c0a8b826c20053a9eb25,candidate capture sequence requiring human verification
capture_review_5ac6903b4b95,dataset/train/Citrus canker/2025_12_21_IMG (405).JPG,2025_12_21_IMG (405).JPG,Citrus canker,train,2025-12-21,405,sequence_0198,2,C,4,0.0222043488174676,pair_5ac6903b4b95c28ad862,candidate capture sequence requiring human verification
capture_review_5ac6903b4b95,dataset/val/Citrus canker/2025_12_21_IMG (406).JPG,2025_12_21_IMG (406).JPG,Citrus canker,val,2025-12-21,406,sequence_0198,2,C,4,0.0222043488174676,pair_5ac6903b4b95c28ad862,candidate capture sequence requiring human verification
capture_review_12ba1fa5dba8,dataset/train/Citrus canker/2025_12_21_IMG (422).JPG,2025_12_21_IMG (422).JPG,Citrus canker,train,2025-12-21,422,sequence_0203,2,C,4,0.0238137617707252,pair_12ba1fa5dba8aeb350fd,candidate capture sequence requiring human verification
capture_review_12ba1fa5dba8,dataset/val/Citrus canker/2025_12_21_IMG (421).JPG,2025_12_21_IMG (421).JPG,Citrus canker,val,2025-12-21,421,sequence_0203,2,C,4,0.0238137617707252,pair_12ba1fa5dba8aeb350fd,candidate capture sequence requiring human verification
capture_review_1b0dbfc33990,dataset/train/Citrus canker/2025_12_21_IMG (435).JPG,2025_12_21_IMG (435).JPG,Citrus canker,train,2025-12-21,435,sequence_0206,2,C,0,0.0235354751348495,pair_1b0dbfc339905a9b9061,candidate capture sequence requiring human verification
capture_review_1b0dbfc33990,dataset/val/Citrus canker/2025_12_21_IMG (436).JPG,2025_12_21_IMG (436).JPG,Citrus canker,val,2025-12-21,436,sequence_0206,2,C,0,0.0235354751348495,pair_1b0dbfc339905a9b9061,candidate capture sequence requiring human verification
capture_review_a3bdd153cde2,dataset/train/Citrus canker/2025_12_21_IMG (439).JPG,2025_12_21_IMG (439).JPG,Citrus canker,train,2025-12-21,439,sequence_0207,2,C,4,0.0217917039990425,pair_a3bdd153cde2a9c3db14,candidate capture sequence requiring human verification
capture_review_a3bdd153cde2,dataset/val/Citrus canker/2025_12_21_IMG (438).JPG,2025_12_21_IMG (438).JPG,Citrus canker,val,2025-12-21,438,sequence_0207,2,C,4,0.0217917039990425,pair_a3bdd153cde2a9c3db14,candidate capture sequence requiring human verification
capture_review_149af2fa38b8,dataset/train/Citrus canker/2025_12_21_IMG (479).JPG,2025_12_21_IMG (479).JPG,Citrus canker,train,2025-12-21,479,sequence_0218,2,C,2,0.0199387893080711,pair_149af2fa38b863fe04f8,candidate capture sequence requiring human verification
capture_review_149af2fa38b8,dataset/val/Citrus canker/2025_12_21_IMG (480).JPG,2025_12_21_IMG (480).JPG,Citrus canker,val,2025-12-21,480,sequence_0218,2,C,2,0.0199387893080711,pair_149af2fa38b863fe04f8,candidate capture sequence requiring human verification
capture_review_b19f43b2da0b,dataset/train/Citrus canker/2025_12_21_IMG (518).JPG,2025_12_21_IMG (518).JPG,Citrus canker,train,2025-12-21,518,sequence_0224,3,C,0,0.011946614831686,pair_cbe2e73245ccafdd1651,candidate capture sequence requiring human verification
capture_review_b19f43b2da0b,dataset/val/Citrus canker/2025_12_21_IMG (519).JPG,2025_12_21_IMG (519).JPG,Citrus canker,val,2025-12-21,519,sequence_0224,3,B|C,2,0.011946614831686,pair_5498766a3a4f0f714988|pair_cbe2e73245ccafdd1651,candidate capture sequence requiring human verification
capture_review_b19f43b2da0b,dataset/val/Citrus canker/2025_12_21_IMG (520).JPG,2025_12_21_IMG (520).JPG,Citrus canker,val,2025-12-21,520,sequence_0224,3,B,2,0.0072718798182904,pair_5498766a3a4f0f714988,candidate capture sequence requiring human verification
capture_review_2434c42f7afc,dataset/train/Citrus canker/2025_12_21_IMG (538).JPG,2025_12_21_IMG (538).JPG,Citrus canker,train,2025-12-21,538,sequence_0229,2,C,4,0.0191186051815748,pair_2434c42f7afc6717e1a7,candidate capture sequence requiring human verification
capture_review_2434c42f7afc,dataset/val/Citrus canker/2025_12_21_IMG (537).JPG,2025_12_21_IMG (537).JPG,Citrus canker,val,2025-12-21,537,sequence_0229,2,C,4,0.0191186051815748,pair_2434c42f7afc6717e1a7,candidate capture sequence requiring human verification
capture_review_90aa8aae20ba,dataset/train/Citrus canker/2025_12_21_IMG (544).JPG,2025_12_21_IMG (544).JPG,Citrus canker,train,2025-12-21,544,sequence_0231,3,C,0,0.0153588391840457,pair_e5a0e75ac23df78ae7a5,candidate capture sequence requiring human verification
capture_review_90aa8aae20ba,dataset/train/Citrus canker/2025_12_21_IMG (546).JPG,2025_12_21_IMG (546).JPG,Citrus canker,train,2025-12-21,546,sequence_0231,3,C,2,0.0164933744817972,pair_717a092be05ca06cfbeb,candidate capture sequence requiring human verification
capture_review_90aa8aae20ba,dataset/val/Citrus canker/2025_12_21_IMG (545).JPG,2025_12_21_IMG (545).JPG,Citrus canker,val,2025-12-21,545,sequence_0231,3,C,2,0.0164933744817972,pair_717a092be05ca06cfbeb|pair_e5a0e75ac23df78ae7a5,candidate capture sequence requiring human verification
capture_review_4441029d6b36,dataset/train/Citrus canker/2025_12_21_IMG (553).JPG,2025_12_21_IMG (553).JPG,Citrus canker,train,2025-12-21,553,sequence_0232,2,C,2,0.0128769017755985,pair_4441029d6b36d5edcdb2,candidate capture sequence requiring human verification
capture_review_4441029d6b36,dataset/val/Citrus canker/2025_12_21_IMG (554).JPG,2025_12_21_IMG (554).JPG,Citrus canker,val,2025-12-21,554,sequence_0232,2,C,2,0.0128769017755985,pair_4441029d6b36d5edcdb2,candidate capture sequence requiring human verification
capture_review_628dadca6447,dataset/train/Citrus canker/2025_12_21_IMG (568).JPG,2025_12_21_IMG (568).JPG,Citrus canker,train,2025-12-21,568,sequence_0234,2,C,2,0.0149334287270903,pair_628dadca64474503a349,candidate capture sequence requiring human verification
capture_review_628dadca6447,dataset/val/Citrus canker/2025_12_21_IMG (567).JPG,2025_12_21_IMG (567).JPG,Citrus canker,val,2025-12-21,567,sequence_0234,2,C,2,0.0149334287270903,pair_628dadca64474503a349,candidate capture sequence requiring human verification
capture_review_c6d877070640,dataset/train/Citrus pest/2025_12_20_IMG (254).JPG,2025_12_20_IMG (254).JPG,Citrus pest,train,2025-12-20,254,sequence_0241,2,C,4,0.0186462793499231,pair_c6d877070640bf5f7f39,candidate capture sequence requiring human verification
capture_review_c6d877070640,dataset/val/Citrus pest/2025_12_20_IMG (253).JPG,2025_12_20_IMG (253).JPG,Citrus pest,val,2025-12-20,253,sequence_0241,2,C,4,0.0186462793499231,pair_c6d877070640bf5f7f39,candidate capture sequence requiring human verification
capture_review_d334f8110518,dataset/train/Citrus pest/2025_12_20_IMG (270).JPG,2025_12_20_IMG (270).JPG,Citrus pest,train,2025-12-20,270,sequence_0243,2,C,2,0.0107198478654026,pair_d334f8110518eeda5557,candidate capture sequence requiring human verification
capture_review_d334f8110518,dataset/val/Citrus pest/2025_12_20_IMG (271).JPG,2025_12_20_IMG (271).JPG,Citrus pest,val,2025-12-20,271,sequence_0243,2,C,2,0.0107198478654026,pair_d334f8110518eeda5557,candidate capture sequence requiring human verification
capture_review_07dbe71e746e,dataset/train/Citrus pest/2025_12_20_IMG (291).JPG,2025_12_20_IMG (291).JPG,Citrus pest,train,2025-12-20,291,sequence_0245,3,C,4,0.0136859165504574,pair_3332df3a5f4583b4d95d|pair_48381a785fa9de1334c5,candidate capture sequence requiring human verification
capture_review_07dbe71e746e,dataset/val/Citrus pest/2025_12_20_IMG (290).JPG,2025_12_20_IMG (290).JPG,Citrus pest,val,2025-12-20,290,sequence_0245,3,C,4,0.0136859165504574,pair_3332df3a5f4583b4d95d,candidate capture sequence requiring human verification
capture_review_07dbe71e746e,dataset/val/Citrus pest/2025_12_20_IMG (292).JPG,2025_12_20_IMG (292).JPG,Citrus pest,val,2025-12-20,292,sequence_0245,3,C,0,0.0048036663793027,pair_48381a785fa9de1334c5,candidate capture sequence requiring human verification
capture_review_e6331094ec9e,dataset/train/Citrus pest/2025_12_20_IMG (338).JPG,2025_12_20_IMG (338).JPG,Citrus pest,train,2025-12-20,338,sequence_0249,2,C,0,0.0092224525287747,pair_e6331094ec9e0d3c23fb,candidate capture sequence requiring human verification
capture_review_e6331094ec9e,dataset/val/Citrus pest/2025_12_20_IMG (339).JPG,2025_12_20_IMG (339).JPG,Citrus pest,val,2025-12-20,339,sequence_0249,2,C,0,0.0092224525287747,pair_e6331094ec9e0d3c23fb,candidate capture sequence requiring human verification
capture_review_c876cf880d96,dataset/train/Citrus pest/2025_12_20_IMG (353).JPG,2025_12_20_IMG (353).JPG,Citrus pest,train,2025-12-20,353,sequence_0252,3,C,0,0.0185010712593793,pair_e5ad644886fa3cd92507,candidate capture sequence requiring human verification
capture_review_c876cf880d96,dataset/train/Citrus pest/2025_12_20_IMG (354).JPG,2025_12_20_IMG (354).JPG,Citrus pest,train,2025-12-20,354,sequence_0252,3,C,0,0.0185010712593793,pair_05c6e0b9c2660c30893e|pair_e5ad644886fa3cd92507,candidate capture sequence requiring human verification
capture_review_c876cf880d96,dataset/val/Citrus pest/2025_12_20_IMG (355).JPG,2025_12_20_IMG (355).JPG,Citrus pest,val,2025-12-20,355,sequence_0252,3,C,0,0.0098977480083704,pair_05c6e0b9c2660c30893e,candidate capture sequence requiring human verification
capture_review_5d7d1a708dfc,dataset/train/Citrus pest/2025_12_20_IMG (371).JPG,2025_12_20_IMG (371).JPG,Citrus pest,train,2025-12-20,371,sequence_0255,3,C,2,0.0233625024557113,pair_318107ede692d049d428|pair_61ce2ab40616ce6f0f7a,candidate capture sequence requiring human verification
capture_review_5d7d1a708dfc,dataset/train/Citrus pest/2025_12_20_IMG (372).JPG,2025_12_20_IMG (372).JPG,Citrus pest,train,2025-12-20,372,sequence_0255,3,C,2,0.0233625024557113,pair_318107ede692d049d428,candidate capture sequence requiring human verification
capture_review_5d7d1a708dfc,dataset/val/Citrus pest/2025_12_20_IMG (370).JPG,2025_12_20_IMG (370).JPG,Citrus pest,val,2025-12-20,370,sequence_0255,3,C,2,0.0191163718700408,pair_61ce2ab40616ce6f0f7a,candidate capture sequence requiring human verification
capture_review_1ca5e33f1dad,dataset/train/Citrus pest/2025_12_20_IMG (374).JPG,2025_12_20_IMG (374).JPG,Citrus pest,train,2025-12-20,374,sequence_0256,2,C,0,0.0163076352328062,pair_1ca5e33f1dadd28b128f,candidate capture sequence requiring human verification
capture_review_1ca5e33f1dad,dataset/val/Citrus pest/2025_12_20_IMG (373).JPG,2025_12_20_IMG (373).JPG,Citrus pest,val,2025-12-20,373,sequence_0256,2,C,0,0.0163076352328062,pair_1ca5e33f1dadd28b128f,candidate capture sequence requiring human verification
capture_review_b2612bcdfac8,dataset/train/Citrus pest/2025_12_20_IMG (376).JPG,2025_12_20_IMG (376).JPG,Citrus pest,train,2025-12-20,376,sequence_0257,2,C,4,0.0178560931235551,pair_b2612bcdfac880ba3833,candidate capture sequence requiring human verification
capture_review_b2612bcdfac8,dataset/val/Citrus pest/2025_12_20_IMG (375).JPG,2025_12_20_IMG (375).JPG,Citrus pest,val,2025-12-20,375,sequence_0257,2,C,4,0.0178560931235551,pair_b2612bcdfac880ba3833,candidate capture sequence requiring human verification
capture_review_20b2db4b31e2,dataset/train/Citrus pest/2025_12_20_IMG (396).JPG,2025_12_20_IMG (396).JPG,Citrus pest,train,2025-12-20,396,sequence_0071,3,C,2,0.0190078634768724,pair_969a734f4d9d618e5351,candidate capture sequence requiring human verification
capture_review_20b2db4b31e2,dataset/train/Citrus pest/2025_12_20_IMG (397).JPG,2025_12_20_IMG (397).JPG,Citrus pest,train,2025-12-20,397,sequence_0071,3,C,4,0.0190078634768724,pair_80daaaf0ce672592525e|pair_969a734f4d9d618e5351,candidate capture sequence requiring human verification
capture_review_20b2db4b31e2,dataset/val/Citrus pest/2025_12_20_IMG (398).JPG,2025_12_20_IMG (398).JPG,Citrus pest,val,2025-12-20,398,sequence_0071,3,C,4,0.0111982347443699,pair_80daaaf0ce672592525e,candidate capture sequence requiring human verification
capture_review_ce08636ef15c,dataset/train/Greening/2025_12_21_IMG (13).JPG,2025_12_21_IMG (13).JPG,Greening,train,2025-12-21,13,sequence_0261,3,C,2,0.0262698512524366,pair_ce0a1515010d19fa95d0|pair_f2fc831a55e7c134bd2a,candidate capture sequence requiring human verification
capture_review_ce08636ef15c,dataset/train/Greening/2025_12_21_IMG (14).JPG,2025_12_21_IMG (14).JPG,Greening,train,2025-12-21,14,sequence_0261,3,C,2,0.0108056962490081,pair_f2fc831a55e7c134bd2a,candidate capture sequence requiring human verification
capture_review_ce08636ef15c,dataset/val/Greening/2025_12_21_IMG (12).JPG,2025_12_21_IMG (12).JPG,Greening,val,2025-12-21,12,sequence_0261,3,C,0,0.0262698512524366,pair_ce0a1515010d19fa95d0,candidate capture sequence requiring human verification
capture_review_fb287fcfc9aa,dataset/train/Greening/2025_12_21_IMG (15).JPG,2025_12_21_IMG (15).JPG,Greening,train,2025-12-21,15,sequence_0262,2,C,4,0.0137315532192587,pair_fb287fcfc9aa183f7d97,candidate capture sequence requiring human verification
capture_review_fb287fcfc9aa,dataset/val/Greening/2025_12_21_IMG (16).JPG,2025_12_21_IMG (16).JPG,Greening,val,2025-12-21,16,sequence_0262,2,C,4,0.0137315532192587,pair_fb287fcfc9aa183f7d97,candidate capture sequence requiring human verification
capture_review_08cea93b53d3,dataset/train/Greening/2025_12_21_IMG (245).JPG,2025_12_21_IMG (245).JPG,Greening,train,2025-12-21,245,sequence_0264,2,C,4,0.0109298406168818,pair_08cea93b53d3161e6069,candidate capture sequence requiring human verification
capture_review_08cea93b53d3,dataset/val/Greening/2025_12_21_IMG (244).JPG,2025_12_21_IMG (244).JPG,Greening,val,2025-12-21,244,sequence_0264,2,C,4,0.0109298406168818,pair_08cea93b53d3161e6069,candidate capture sequence requiring human verification
capture_review_253976fdca3c,dataset/train/Greening/2025_12_21_IMG (30).JPG,2025_12_21_IMG (30).JPG,Greening,train,2025-12-21,30,sequence_0269,2,C,4,0.018415542319417,pair_253976fdca3c41afcb30,candidate capture sequence requiring human verification
capture_review_253976fdca3c,dataset/val/Greening/2025_12_21_IMG (31).JPG,2025_12_21_IMG (31).JPG,Greening,val,2025-12-21,31,sequence_0269,2,C,4,0.018415542319417,pair_253976fdca3c41afcb30,candidate capture sequence requiring human verification
capture_review_c91b3a809e59,dataset/train/Healthy leaf/2025_11_21_IMG (118).JPG,2025_11_21_IMG (118).JPG,Healthy leaf,train,2025-11-21,118,sequence_0275,2,C,0,0.0130055146291852,pair_c91b3a809e59723fd852,candidate capture sequence requiring human verification
capture_review_c91b3a809e59,dataset/val/Healthy leaf/2025_11_21_IMG (117).JPG,2025_11_21_IMG (117).JPG,Healthy leaf,val,2025-11-21,117,sequence_0275,2,C,0,0.0130055146291852,pair_c91b3a809e59723fd852,candidate capture sequence requiring human verification
capture_review_3b5a561f9d2e,dataset/train/Healthy leaf/2025_11_21_IMG (122).JPG,2025_11_21_IMG (122).JPG,Healthy leaf,train,2025-11-21,122,sequence_0277,2,C,4,0.0139064416289329,pair_3b5a561f9d2ea9fa2e4c,candidate capture sequence requiring human verification
capture_review_3b5a561f9d2e,dataset/val/Healthy leaf/2025_11_21_IMG (121).JPG,2025_11_21_IMG (121).JPG,Healthy leaf,val,2025-11-21,121,sequence_0277,2,C,4,0.0139064416289329,pair_3b5a561f9d2ea9fa2e4c,candidate capture sequence requiring human verification
capture_review_4a72e82885ec,dataset/train/Healthy leaf/2025_11_21_IMG (14).JPG,2025_11_21_IMG (14).JPG,Healthy leaf,train,2025-11-21,14,sequence_0279,2,C,4,0.0100145526230335,pair_4a72e82885ec1e1bf3b6,candidate capture sequence requiring human verification
capture_review_4a72e82885ec,dataset/val/Healthy leaf/2025_11_21_IMG (15).JPG,2025_11_21_IMG (15).JPG,Healthy leaf,val,2025-11-21,15,sequence_0279,2,C,4,0.0100145526230335,pair_4a72e82885ec1e1bf3b6,candidate capture sequence requiring human verification
capture_review_cc7079b726da,dataset/train/Healthy leaf/2025_11_21_IMG (153).JPG,2025_11_21_IMG (153).JPG,Healthy leaf,train,2025-11-21,153,sequence_0282,3,C,4,0.0162961483001709,pair_a9b370b11555c0720642,candidate capture sequence requiring human verification
capture_review_cc7079b726da,dataset/val/Healthy leaf/2025_11_21_IMG (151).JPG,2025_11_21_IMG (151).JPG,Healthy leaf,val,2025-11-21,151,sequence_0282,3,C,4,0.0106550632044672,pair_be0186117bbc3f68acda,candidate capture sequence requiring human verification
capture_review_cc7079b726da,dataset/val/Healthy leaf/2025_11_21_IMG (152).JPG,2025_11_21_IMG (152).JPG,Healthy leaf,val,2025-11-21,152,sequence_0282,3,C,4,0.0162961483001709,pair_a9b370b11555c0720642|pair_be0186117bbc3f68acda,candidate capture sequence requiring human verification
capture_review_ad60b8265463,dataset/train/Healthy leaf/2025_11_21_IMG (162).JPG,2025_11_21_IMG (162).JPG,Healthy leaf,train,2025-11-21,162,sequence_0285,3,C,2,0.003986672963947,pair_2c9a1e0679564bfc79c1,candidate capture sequence requiring human verification
capture_review_ad60b8265463,dataset/val/Healthy leaf/2025_11_21_IMG (160).JPG,2025_11_21_IMG (160).JPG,Healthy leaf,val,2025-11-21,160,sequence_0285,3,C,2,0.0067063667811453,pair_2b3bd3f56edd55e8e93d,candidate capture sequence requiring human verification
capture_review_ad60b8265463,dataset/val/Healthy leaf/2025_11_21_IMG (161).JPG,2025_11_21_IMG (161).JPG,Healthy leaf,val,2025-11-21,161,sequence_0285,3,C,2,0.0067063667811453,pair_2b3bd3f56edd55e8e93d|pair_2c9a1e0679564bfc79c1,candidate capture sequence requiring human verification
capture_review_6353514598ab,dataset/train/Healthy leaf/2025_11_21_IMG (167).JPG,2025_11_21_IMG (167).JPG,Healthy leaf,train,2025-11-21,167,sequence_0287,2,C,4,0.0108356950804591,pair_6353514598ab74d66eb4,candidate capture sequence requiring human verification
capture_review_6353514598ab,dataset/val/Healthy leaf/2025_11_21_IMG (166).JPG,2025_11_21_IMG (166).JPG,Healthy leaf,val,2025-11-21,166,sequence_0287,2,C,4,0.0108356950804591,pair_6353514598ab74d66eb4,candidate capture sequence requiring human verification
capture_review_cb764b4f0080,dataset/train/Healthy leaf/2025_11_21_IMG (185).JPG,2025_11_21_IMG (185).JPG,Healthy leaf,train,2025-11-21,185,sequence_0292,3,B,0,0.0042761308141052,pair_4bb39808055e3b4735e3,candidate capture sequence requiring human verification
capture_review_cb764b4f0080,dataset/val/Healthy leaf/2025_11_21_IMG (183).JPG,2025_11_21_IMG (183).JPG,Healthy leaf,val,2025-11-21,183,sequence_0292,3,C,2,0.0150965079665184,pair_a89de047d758cddf2fb9,candidate capture sequence requiring human verification
capture_review_cb764b4f0080,dataset/val/Healthy leaf/2025_11_21_IMG (184).JPG,2025_11_21_IMG (184).JPG,Healthy leaf,val,2025-11-21,184,sequence_0292,3,B|C,2,0.0150965079665184,pair_4bb39808055e3b4735e3|pair_a89de047d758cddf2fb9,candidate capture sequence requiring human verification
capture_review_16486010c87d,dataset/train/Healthy leaf/2025_11_21_IMG (247).JPG,2025_11_21_IMG (247).JPG,Healthy leaf,train,2025-11-21,247,sequence_0299,3,C,2,0.0088892728090286,pair_1a030ebe2e83f6d84654,candidate capture sequence requiring human verification
capture_review_16486010c87d,dataset/train/Healthy leaf/2025_11_21_IMG (249).JPG,2025_11_21_IMG (249).JPG,Healthy leaf,train,2025-11-21,249,sequence_0299,3,C,4,0.0145546095445752,pair_49d8e2dfc477e9cd96cd,candidate capture sequence requiring human verification
capture_review_16486010c87d,dataset/val/Healthy leaf/2025_11_21_IMG (248).JPG,2025_11_21_IMG (248).JPG,Healthy leaf,val,2025-11-21,248,sequence_0299,3,C,4,0.0145546095445752,pair_1a030ebe2e83f6d84654|pair_49d8e2dfc477e9cd96cd,candidate capture sequence requiring human verification
capture_review_8fe31a653075,dataset/train/Healthy leaf/2025_11_21_IMG (276).JPG,2025_11_21_IMG (276).JPG,Healthy leaf,train,2025-11-21,276,sequence_0301,3,C,4,0.0280937254428863,pair_2487b01250e9b680ba39,candidate capture sequence requiring human verification
capture_review_8fe31a653075,dataset/train/Healthy leaf/2025_11_21_IMG (278).JPG,2025_11_21_IMG (278).JPG,Healthy leaf,train,2025-11-21,278,sequence_0301,3,C,4,0.0264750570058822,pair_5056b6beaf6f684f3de6,candidate capture sequence requiring human verification
capture_review_8fe31a653075,dataset/val/Healthy leaf/2025_11_21_IMG (277).JPG,2025_11_21_IMG (277).JPG,Healthy leaf,val,2025-11-21,277,sequence_0301,3,C,4,0.0280937254428863,pair_2487b01250e9b680ba39|pair_5056b6beaf6f684f3de6,candidate capture sequence requiring human verification
capture_review_44c44f334ef0,dataset/train/Healthy leaf/2025_11_21_IMG (295).JPG,2025_11_21_IMG (295).JPG,Healthy leaf,train,2025-11-21,295,sequence_0304,2,C,2,0.0079650478437542,pair_44c44f334ef046997549,candidate capture sequence requiring human verification
capture_review_44c44f334ef0,dataset/val/Healthy leaf/2025_11_21_IMG (296).JPG,2025_11_21_IMG (296).JPG,Healthy leaf,val,2025-11-21,296,sequence_0304,2,C,2,0.0079650478437542,pair_44c44f334ef046997549,candidate capture sequence requiring human verification
capture_review_1eb665f14180,dataset/train/Healthy leaf/2025_11_21_IMG (3).JPG,2025_11_21_IMG (3).JPG,Healthy leaf,train,2025-11-21,3,sequence_0306,2,C,2,0.0145013146102428,pair_1eb665f14180f18cdc3d,candidate capture sequence requiring human verification
capture_review_1eb665f14180,dataset/val/Healthy leaf/2025_11_21_IMG (4).JPG,2025_11_21_IMG (4).JPG,Healthy leaf,val,2025-11-21,4,sequence_0306,2,C,2,0.0145013146102428,pair_1eb665f14180f18cdc3d,candidate capture sequence requiring human verification
capture_review_246209291b14,dataset/train/Healthy leaf/2025_11_21_IMG (43).JPG,2025_11_21_IMG (43).JPG,Healthy leaf,train,2025-11-21,43,sequence_0309,3,C,2,0.0131264673545956,pair_c105528370c84926954a|pair_e0a7b316dc91c6676ac5,candidate capture sequence requiring human verification
capture_review_246209291b14,dataset/train/Healthy leaf/2025_11_21_IMG (44).JPG,2025_11_21_IMG (44).JPG,Healthy leaf,train,2025-11-21,44,sequence_0309,3,C,2,0.0060578784905374,pair_c105528370c84926954a,candidate capture sequence requiring human verification
capture_review_246209291b14,dataset/val/Healthy leaf/2025_11_21_IMG (42).JPG,2025_11_21_IMG (42).JPG,Healthy leaf,val,2025-11-21,42,sequence_0309,3,C,2,0.0131264673545956,pair_e0a7b316dc91c6676ac5,candidate capture sequence requiring human verification
capture_review_25bb6aa77028,dataset/train/Healthy leaf/2025_11_21_IMG (67).JPG,2025_11_21_IMG (67).JPG,Healthy leaf,train,2025-11-21,67,sequence_0314,2,C,2,0.0074515547603368,pair_25bb6aa770287d314b2e,candidate capture sequence requiring human verification
capture_review_25bb6aa77028,dataset/val/Healthy leaf/2025_11_21_IMG (66).JPG,2025_11_21_IMG (66).JPG,Healthy leaf,val,2025-11-21,66,sequence_0314,2,C,2,0.0074515547603368,pair_25bb6aa770287d314b2e,candidate capture sequence requiring human verification
capture_review_1e5085c5a2f4,dataset/train/Healthy leaf/2025_11_21_IMG (69).JPG,2025_11_21_IMG (69).JPG,Healthy leaf,train,2025-11-21,69,sequence_0315,2,C,0,0.0160625372081995,pair_1e5085c5a2f4e785b527,candidate capture sequence requiring human verification
capture_review_1e5085c5a2f4,dataset/val/Healthy leaf/2025_11_21_IMG (68).JPG,2025_11_21_IMG (68).JPG,Healthy leaf,val,2025-11-21,68,sequence_0315,2,C,0,0.0160625372081995,pair_1e5085c5a2f4e785b527,candidate capture sequence requiring human verification
